attack,avg_delay_ms,avg_delay_ms_std,avg_hops,avg_hops_std,bytes_delivered,bytes_delivered_std,cmdp_checks,cmdp_checks_std,cmdp_violation_rate,cmdp_violation_rate_std,cmdp_violations,cmdp_violations_std,control_packets,control_packets_std,det_f1,det_f1_std,det_fn,det_fn_std,det_fp,det_fp_std,det_fpr,det_fpr_std,det_precision,det_precision_std,det_tn,det_tn_std,det_tp,det_tp_std,det_tpr,det_tpr_std,ecc_agreement_seconds,ecc_agreement_seconds_std,ecc_agreements,ecc_agreements_std,ecc_backend,ecc_encrypt_calls,ecc_encrypt_calls_std,ecc_encrypt_seconds,ecc_encrypt_seconds_std,ecc_keygen_seconds,ecc_keygen_seconds_std,ecc_seconds_per_agreement,ecc_seconds_per_agreement_std,ecc_seconds_per_packet,ecc_seconds_per_packet_std,eighty_pct_dead_round,eighty_pct_dead_round_std,energy_harvested,energy_harvested_std,energy_model,energy_spent,energy_spent_std,loss_dead_relay,loss_dead_relay_std,loss_link_failure,loss_link_failure_std,loss_malicious_drop,loss_malicious_drop_std,loss_no_route,loss_no_route_std,malicious_fraction,malicious_fraction_std,malicious_nodes,malicious_nodes_std,mean_residual_energy,mean_residual_energy_std,n_nodes,n_nodes_std,network_lifetime,network_lifetime_std,nodes_alive,nodes_alive_std,nodes_contested,nodes_contested_std,nodes_revoked,nodes_revoked_std,packet_loss_bytes,packet_loss_bytes_std,packets_lost,packets_lost_std,packets_received,packets_received_std,packets_sent,packets_sent_std,pdr,pdr_std,pdr_routable,pdr_routable_std,policy,rounds_completed,rounds_completed_std,route_cache_hits,route_cache_hits_std,route_cache_misses,route_cache_misses_std,route_discoveries,route_discoveries_std,route_failures,route_failures_std,seed,seed_std,speed,speed_std,throughput,throughput_std,total_energy_consumed,total_energy_consumed_std,n_runs,label,policy_label,sweep,attack_type,malicious_pct,mean_route_score,mean_route_score_std,score_weight_energy_b,score_weight_energy_b_std,score_weight_trust_a,score_weight_trust_a_std,action0_share,action0_share_std,mean_reward,mean_reward_std,q_states,q_states_std,q_updates,q_updates_std,states_preferring_action0,states_preferring_action0_std,trust_source,code_trust_mean,code_trust_mean_std,trust_signal_correlation,trust_signal_correlation_std,watchdog_trust_mean,watchdog_trust_mean_std,action_share_balanced,action_share_balanced_std,action_share_diversified,action_share_diversified_std,action_share_energy_surplus,action_share_energy_surplus_std,action_share_trust,action_share_trust_std,c_contested_events,c_contested_events_std,c_contested_final,c_contested_final_std,c_detection_passes,c_detection_passes_std,c_use_cmdp,c_use_cmdp_std,c_use_gan,c_use_gan_std,c_use_lstm,c_use_lstm_std,cmdp_backend,cmdp_constraint_checks,cmdp_constraint_checks_std,cmdp_constraint_violations,cmdp_constraint_violations_std,cmdp_lambda_final,cmdp_lambda_final_std,cmdp_lambda_max_seen,cmdp_lambda_max_seen_std,cmdp_lambda_saturated,cmdp_lambda_saturated_std,cmdp_using_fallback,cmdp_using_fallback_std,dqn_epsilon_final,dqn_epsilon_final_std,dqn_final_loss,dqn_final_loss_std,dqn_train_steps,dqn_train_steps_std,gan_backend,gan_epochs_run,gan_epochs_run_std,gan_fallback_reason,gan_final_d_loss,gan_final_d_loss_std,gan_final_g_loss,gan_final_g_loss_std,gan_threshold,gan_threshold_std,gan_using_fallback,gan_using_fallback_std,gan_val_auc,gan_val_auc_std,lstm_backend,lstm_epochs_run,lstm_epochs_run_std,lstm_eval_beats_persistence,lstm_eval_beats_persistence_std,lstm_eval_beats_seasonal_naive,lstm_eval_beats_seasonal_naive_std,lstm_eval_improvement_over_best_baseline,lstm_eval_improvement_over_best_baseline_std,lstm_eval_lstm_mae,lstm_eval_lstm_mae_std,lstm_eval_lstm_rmse,lstm_eval_lstm_rmse_std,lstm_eval_n_test,lstm_eval_n_test_std,lstm_eval_persistence_mae,lstm_eval_persistence_mae_std,lstm_eval_persistence_rmse,lstm_eval_persistence_rmse_std,lstm_eval_seasonal_naive_mae,lstm_eval_seasonal_naive_mae_std,lstm_eval_seasonal_naive_rmse,lstm_eval_seasonal_naive_rmse_std,lstm_final_loss,lstm_final_loss_std,lstm_horizon,lstm_horizon_std,lstm_using_fallback,lstm_using_fallback_std
blackhole,76.07909628041838,3.2423150414457496,5.853106750066701,0.4940903566240773,448037.0,23409.0,0.0,0.0,0.0,0.0,0.0,0.0,2685.0,0.0,0.0,0.0,0.0,0.0,0.0,0.0,0.0,0.0,0.0,0.0,100.0,0.0,0.0,0.0,0.0,0.0,0.005933399996138178,4.0899998566601425e-05,40.0,0.0,x25519,747.5,5.5,0.03755849998378835,0.0012457000175345456,0.003278000001955661,3.3400016036466695e-05,0.00014833499990345443,1.0224999641650438e-06,5.026046772116965e-05,2.036297779265522e-06,200.0,0.0,0.0,0.0,linear,2175.262988281259,138.01757812499886,0.0,0.0,166.0,23.0,0.0,0.0,39.5,14.5,0.0,0.0,0.0,0.0,62.19276495227632,1.382721130185537,100.0,0.0,200.0,0.0,100.0,0.0,0.0,0.0,0.0,0.0,160163.5,27606.5,205.5,37.5,581.5,28.5,787.0,9.0,0.739392657374275,0.04466903928382271,0.7776879901776541,0.032404971309729635,AODV,200.0,0.0,175.0,24.0,612.0,33.0,612.0,33.0,39.5,14.5,20261409.0,500.0,20000.0,0.0,17.92148,0.9363600000000005,3780.7235047723675,138.27211301855323,2,AODV (reference baseline) | blackhole @ 0%,AODV (reference baseline),attack,blackhole,0.0,,,,,,,,,,,,,,,,,,,,,,,,,,,,,,,,,,,,,,,,,,,,,,,,,,,,,,,,,,,,,,,,,,,,,,,,,,,,,,,,,,,,,,,,,,,,,,,,,,,,,,,,,
blackhole,67.6726995797261,2.8079181128754627,4.648760330578512,0.35123966942148765,271470.0,82203.0,0.0,0.0,0.0,0.0,0.0,0.0,3241.0,131.0,0.0,0.0,10.0,0.0,0.0,0.0,0.0,0.0,0.0,0.0,90.0,0.0,0.0,0.0,0.0,0.0,0.005431399997178232,5.1499995606718585e-05,40.0,0.0,x25519,623.5,114.5,0.03268310001840291,0.005313600007866626,0.002966050009490573,4.275000719644595e-05,0.00013578499992945582,1.2874998901679728e-06,5.2628581629779114e-05,1.1425382337499314e-06,200.0,0.0,0.0,0.0,linear,1316.300439453126,373.9910644531273,0.0,0.0,85.5,20.5,191.0,11.0,127.5,106.5,0.1,0.0,10.0,0.0,70.79318695710955,3.7579613436080024,100.0,0.0,200.0,0.0,100.0,0.0,0.0,0.0,6.5,1.5,309420.0,75912.0,404.0,97.0,347.0,105.0,751.0,8.0,0.46061350824648856,0.1349069133608896,0.5439540839416253,0.06851204071962133,AODV,200.0,0.0,115.5,34.5,635.5,26.5,635.5,26.5,127.5,106.5,20261409.0,500.0,20000.0,0.0,10.8588,3.2881199999999997,2920.6813042890435,375.7961343607999,2,AODV (reference baseline) | blackhole @ 10%,AODV (reference baseline),attack,blackhole,10.0,,,,,,,,,,,,,,,,,,,,,,,,,,,,,,,,,,,,,,,,,,,,,,,,,,,,,,,,,,,,,,,,,,,,,,,,,,,,,,,,,,,,,,,,,,,,,,,,,,,,,,,,,
blackhole,64.30398445567391,1.3311261617907633,4.064718102042401,0.25490215112215586,186760.0,58837.0,0.0,0.0,0.0,0.0,0.0,0.0,3372.0,78.0,0.0,0.0,20.0,0.0,0.0,0.0,0.0,0.0,0.0,0.0,80.0,0.0,0.0,0.0,0.0,0.0,0.005737649991715443,0.00023194999266706873,40.0,0.0,x25519,670.5,5.5,0.0346341499571281,0.0013756499938608613,0.003217900011804886,0.0001644000003580004,0.0001434412497928861,5.798749816676726e-06,5.164085836919553e-05,1.6280764695455415e-06,200.0,0.0,0.0,0.0,linear,1195.7322753906228,47.89018554688187,0.0,0.0,75.0,0.0,356.0,82.0,91.0,11.0,0.2,0.0,20.0,0.0,72.01836002924698,0.519852031450327,100.0,0.0,200.0,0.0,100.0,0.0,0.0,0.0,8.0,1.0,404470.5,70011.5,522.0,93.0,239.5,76.5,761.5,16.5,0.3168363209744483,0.10732475285105501,0.35815611513992085,0.11703185478489123,AODV,200.0,0.0,96.5,33.5,665.0,50.0,665.0,50.0,91.0,11.0,20261409.0,500.0,20000.0,0.0,7.470400000000001,2.3534800000000002,2798.163997075302,51.98520314503253,2,AODV (reference baseline) | blackhole @ 20%,AODV (reference baseline),attack,blackhole,20.0,,,,,,,,,,,,,,,,,,,,,,,,,,,,,,,,,,,,,,,,,,,,,,,,,,,,,,,,,,,,,,,,,,,,,,,,,,,,,,,,,,,,,,,,,,,,,,,,,,,,,,,,,
blackhole,60.01618594227373,1.9872511192459825,3.653883787445431,0.318718952280596,184790.0,44526.0,0.0,0.0,0.0,0.0,0.0,0.0,3299.0,163.0,0.0,0.0,30.0,0.0,0.0,0.0,0.0,0.0,0.0,0.0,70.0,0.0,0.0,0.0,0.0,0.0,0.005950800004939083,0.00018960001034429297,40.0,0.0,x25519,688.5,42.5,0.0380866000050446,0.002007499999308493,0.003422449995923671,0.00019185001474397723,0.00014877000012347708,4.74000025860733e-06,5.5349145014257155e-05,5.008549946222767e-07,200.0,0.0,0.0,0.0,linear,1099.6463378906228,160.62846679687385,0.0,0.0,78.5,15.5,373.0,28.0,76.5,52.5,0.3,0.0,30.0,0.0,72.96093620905543,1.6175164691221866,100.0,0.0,200.0,0.0,100.0,0.0,0.0,0.0,7.0,2.0,408977.0,51986.0,528.0,65.0,237.0,55.0,765.0,10.0,0.3107968382824183,0.07595812860499894,0.34059327525379796,0.05885952912376702,AODV,200.0,0.0,93.5,23.5,671.5,33.5,671.5,33.5,76.5,52.5,20261409.0,500.0,20000.0,0.0,7.3916,1.7810399999999995,2703.9063790944574,161.75164691221812,2,AODV (reference baseline) | blackhole @ 30%,AODV (reference baseline),attack,blackhole,30.0,,,,,,,,,,,,,,,,,,,,,,,,,,,,,,,,,,,,,,,,,,,,,,,,,,,,,,,,,,,,,,,,,,,,,,,,,,,,,,,,,,,,,,,,,,,,,,,,,,,,,,,,,
blackhole,53.684778063023195,1.5913778066637079,2.7352380952380955,0.07809523809523822,98803.0,42123.0,0.0,0.0,0.0,0.0,0.0,0.0,3496.5,44.5,0.0,0.0,40.0,0.0,0.0,0.0,0.0,0.0,0.0,0.0,60.0,0.0,0.0,0.0,0.0,0.0,0.006228599981113803,0.0003361999988555908,40.0,0.0,x25519,659.5,66.5,0.036109799970290624,0.0035930999802076258,0.0034477499993954552,9.324999882664997e-05,0.0001557149995278451,8.404999971389773e-06,5.476071135637269e-05,7.35213419122956e-08,200.0,0.0,0.0,0.0,linear,736.675146484376,99.71958007812549,0.0,0.0,52.0,1.0,482.5,15.5,89.0,69.0,0.4,0.0,40.0,0.0,76.60281272400468,1.0291508733441077,100.0,0.0,200.0,0.0,100.0,0.0,0.0,0.0,9.5,0.5,480143.5,44655.5,623.5,52.5,125.0,50.0,748.5,2.5,0.1672256473049339,0.06735880309721087,0.18376119000831556,0.057285641947607296,AODV,200.0,0.0,47.5,17.5,701.0,20.0,701.0,20.0,89.0,69.0,20261409.0,500.0,20000.0,0.0,3.95212,1.68492,2339.718727599533,102.91508733441037,2,AODV (reference baseline) | blackhole @ 40%,AODV (reference baseline),attack,blackhole,40.0,,,,,,,,,,,,,,,,,,,,,,,,,,,,,,,,,,,,,,,,,,,,,,,,,,,,,,,,,,,,,,,,,,,,,,,,,,,,,,,,,,,,,,,,,,,,,,,,,,,,,,,,,
blackhole,53.36883712044402,1.236223214086337,2.5981665393430102,0.22001527883880834,68566.5,25939.5,0.0,0.0,0.0,0.0,0.0,0.0,3609.5,171.5,0.0,0.0,50.0,0.0,0.0,0.0,0.0,0.0,0.0,0.0,50.0,0.0,0.0,0.0,0.0,0.0,0.0055600999967282405,0.0001548999953229213,40.0,0.0,x25519,620.5,83.5,0.033356899986756616,0.003260100007537403,0.003034799983652192,0.0001145999940490583,0.000139002499918206,3.872499883073025e-06,5.402948326972529e-05,2.016699186921287e-06,200.0,0.0,0.0,0.0,linear,653.7354003906257,29.891162109377262,0.0,0.0,45.5,0.5,488.0,52.0,89.5,64.5,0.5,0.0,50.0,0.0,77.42481085847909,0.31068198747939846,100.0,0.0,200.0,0.0,100.0,0.0,0.0,0.0,11.0,2.0,479799.5,11000.5,623.0,13.0,87.0,32.0,710.0,19.0,0.12141605077232455,0.04182126061313497,0.13572747375994582,0.03330661714914508,AODV,200.0,0.0,38.0,21.0,672.0,2.0,672.0,2.0,89.5,64.5,20261409.0,500.0,20000.0,0.0,2.74266,1.0375800000000002,2257.5189141520905,31.06819874793996,2,AODV (reference baseline) | blackhole @ 50%,AODV (reference baseline),attack,blackhole,50.0,,,,,,,,,,,,,,,,,,,,,,,,,,,,,,,,,,,,,,,,,,,,,,,,,,,,,,,,,,,,,,,,,,,,,,,,,,,,,,,,,,,,,,,,,,,,,,,,,,,,,,,,,
grayhole,76.07909628041838,3.2423150414457496,5.853106750066701,0.4940903566240773,448037.0,23409.0,0.0,0.0,0.0,0.0,0.0,0.0,2685.0,0.0,0.0,0.0,0.0,0.0,0.0,0.0,0.0,0.0,0.0,0.0,100.0,0.0,0.0,0.0,0.0,0.0,0.005864200002179132,0.00015360000361397397,40.0,0.0,x25519,747.5,5.5,0.04011799996442278,0.0013132000312907621,0.003287100009401911,0.0002666000054887263,0.0001466050000544783,3.840000090349349e-06,5.365954398620062e-05,1.3619699523299813e-06,200.0,0.0,0.0,0.0,linear,2175.262988281259,138.01757812499886,0.0,0.0,166.0,23.0,0.0,0.0,39.5,14.5,0.0,0.0,0.0,0.0,62.19276495227632,1.382721130185537,100.0,0.0,200.0,0.0,100.0,0.0,0.0,0.0,0.0,0.0,160163.5,27606.5,205.5,37.5,581.5,28.5,787.0,9.0,0.739392657374275,0.04466903928382271,0.7776879901776541,0.032404971309729635,AODV,200.0,0.0,175.0,24.0,612.0,33.0,612.0,33.0,39.5,14.5,20261409.0,500.0,20000.0,0.0,17.92148,0.9363600000000005,3780.7235047723675,138.27211301855323,2,AODV (reference baseline) | grayhole @ 0%,AODV (reference baseline),attack,grayhole,0.0,,,,,,,,,,,,,,,,,,,,,,,,,,,,,,,,,,,,,,,,,,,,,,,,,,,,,,,,,,,,,,,,,,,,,,,,,,,,,,,,,,,,,,,,,,,,,,,,,,,,,,,,,
grayhole,74.4486358278987,3.2183086207666562,5.5873715525593965,0.38113238444847797,412570.0,30700.0,0.0,0.0,0.0,0.0,0.0,0.0,2692.0,0.0,0.0,0.0,10.0,0.0,0.0,0.0,0.0,0.0,0.0,0.0,90.0,0.0,0.0,0.0,0.0,0.0,0.005595550006546546,6.644998939009383e-05,40.0,0.0,x25519,766.0,1.0,0.041984549980043084,0.0006021499957569176,0.003097850007179659,7.945000106701627e-05,0.00013988875016366365,1.6612497347523513e-06,5.480918464217134e-05,7.145441398364813e-07,200.0,0.0,0.0,0.0,linear,2040.1294921875046,137.80771484374452,0.0,0.0,140.0,21.0,83.5,12.5,28.5,4.5,0.1,0.0,10.0,0.0,63.55908792870268,1.366674467983998,100.0,0.0,200.0,0.0,100.0,0.0,0.0,0.0,0.0,0.0,202319.0,29974.0,252.0,38.0,542.5,34.5,794.5,3.5,0.6830239315101914,0.0464324528134496,0.7081669521350478,0.044114664553348504,AODV,200.0,0.0,154.0,31.0,640.5,34.5,640.5,34.5,28.5,4.5,20261409.0,500.0,20000.0,0.0,16.5028,1.2279999999999989,3644.0912071297316,136.66744679839985,2,AODV (reference baseline) | grayhole @ 10%,AODV (reference baseline),attack,grayhole,10.0,,,,,,,,,,,,,,,,,,,,,,,,,,,,,,,,,,,,,,,,,,,,,,,,,,,,,,,,,,,,,,,,,,,,,,,,,,,,,,,,,,,,,,,,,,,,,,,,,,,,,,,,,
grayhole,73.75819979271513,2.660852062803272,5.51080489680052,0.39729138328700664,380925.5,43906.5,0.0,0.0,0.0,0.0,0.0,0.0,2693.5,3.5,0.0,0.0,20.0,0.0,0.0,0.0,0.0,0.0,0.0,0.0,80.0,0.0,0.0,0.0,0.0,0.0,0.006195100002514664,0.00018760000239126384,40.0,0.0,x25519,778.0,11.0,0.041577800062441383,0.00015609998627041932,0.003591050011891639,0.0002253500024380628,0.0001548775000628666,4.690000059781604e-06,5.344975047835116e-05,5.550736105288499e-07,200.0,0.0,0.0,0.0,linear,2021.6734863281258,118.98666992186554,0.0,0.0,154.5,26.5,117.5,33.5,16.0,8.0,0.2,0.0,20.0,0.0,63.7488929326376,1.2009590176218126,100.0,0.0,200.0,0.0,100.0,0.0,0.0,0.0,0.0,0.0,233584.5,42944.5,288.0,52.0,506.0,49.0,794.0,3.0,0.6375218700975688,0.06412161915653991,0.6514063153233096,0.07219212013953263,AODV,200.0,0.0,146.0,29.0,648.0,32.0,648.0,32.0,16.0,8.0,20261409.0,500.0,20000.0,0.0,15.23702,1.7562599999999993,3625.11070673624,120.0959017621808,2,AODV (reference baseline) | grayhole @ 20%,AODV (reference baseline),attack,grayhole,20.0,,,,,,,,,,,,,,,,,,,,,,,,,,,,,,,,,,,,,,,,,,,,,,,,,,,,,,,,,,,,,,,,,,,,,,,,,,,,,,,,,,,,,,,,,,,,,,,,,,,,,,,,,
grayhole,74.21476259864836,3.467084096705335,5.577771931423647,0.4942804703230781,370015.0,31905.0,0.0,0.0,0.0,0.0,0.0,0.0,2694.5,0.5,0.0,0.0,30.0,0.0,0.0,0.0,0.0,0.0,0.0,0.0,70.0,0.0,0.0,0.0,0.0,0.0,0.0062600500059488695,0.00012864999007433653,40.0,0.0,x25519,773.5,6.5,0.0420533499600424,5.8499899751041085e-06,0.0035627499983093003,0.00019135001457470935,0.00015650125014872175,3.2162497518584132e-06,5.4371517766569106e-05,4.644665228930885e-07,200.0,0.0,0.0,0.0,linear,1964.2553710937482,143.99218749998545,0.0,0.0,151.5,18.5,129.5,22.5,21.0,3.0,0.3,0.0,30.0,0.0,64.32937667631694,1.444708398684476,100.0,0.0,200.0,0.0,100.0,0.0,0.0,0.0,0.0,0.0,245200.5,31505.5,302.0,38.0,492.5,34.5,794.5,3.5,0.6200900481291725,0.04615521103644066,0.6371360278139939,0.04995654063450672,AODV,200.0,0.0,135.0,21.0,659.5,24.5,659.5,24.5,21.0,3.0,20261409.0,500.0,20000.0,0.0,14.8006,1.2761999999999993,3567.0623323683076,144.4708398684479,2,AODV (reference baseline) | grayhole @ 30%,AODV (reference baseline),attack,grayhole,30.0,,,,,,,,,,,,,,,,,,,,,,,,,,,,,,,,,,,,,,,,,,,,,,,,,,,,,,,,,,,,,,,,,,,,,,,,,,,,,,,,,,,,,,,,,,,,,,,,,,,,,,,,,
grayhole,72.81515756932457,3.575280424684607,5.346039400779807,0.48240303714344357,345479.5,18983.5,0.0,0.0,0.0,0.0,0.0,0.0,2699.5,0.5,0.0,0.0,40.0,0.0,0.0,0.0,0.0,0.0,0.0,0.0,60.0,0.0,0.0,0.0,0.0,0.0,0.006081800007450511,7.299999742826913e-05,40.0,0.0,x25519,784.0,9.0,0.04213194999829284,0.0001760500126692932,0.0035579499945015414,6.215000939846504e-05,0.00015204500018626277,1.8249999357067336e-06,5.374939307452404e-05,8.415746815561344e-07,200.0,0.0,0.0,0.0,linear,1829.6424316406235,146.43637695311827,0.0,0.0,129.0,5.0,191.5,24.5,15.5,8.5,0.4,0.0,40.0,0.0,65.66640700709075,1.4631160418161997,100.0,0.0,200.0,0.0,100.0,0.0,0.0,0.0,0.0,0.0,273420.5,16748.5,336.0,21.0,463.5,20.5,799.5,0.5,0.5797535982478097,0.02600359824780979,0.5915771061302526,0.032939022902005455,AODV,200.0,0.0,120.0,14.0,679.5,14.5,679.5,14.5,15.5,8.5,20261409.0,500.0,20000.0,0.0,13.81918,0.7593399999999999,3433.3592992909253,146.31160418162017,2,AODV (reference baseline) | grayhole @ 40%,AODV (reference baseline),attack,grayhole,40.0,,,,,,,,,,,,,,,,,,,,,,,,,,,,,,,,,,,,,,,,,,,,,,,,,,,,,,,,,,,,,,,,,,,,,,,,,,,,,,,,,,,,,,,,,,,,,,,,,,,,,,,,,
grayhole,72.4802600781448,3.645659518539972,5.291202855666714,0.5031233854680384,322865.0,13934.0,0.0,0.0,0.0,0.0,0.0,0.0,2698.5,0.5,0.0,0.0,50.0,0.0,0.0,0.0,0.0,0.0,0.0,0.0,50.0,0.0,0.0,0.0,0.0,0.0,0.006232899993847241,6.5999975049635395e-06,40.0,0.0,x25519,782.0,11.0,0.04304904998753045,0.0016293500066240085,0.003399650002393173,7.684999218326993e-05,0.000155822499846181,1.6499993762409662e-07,5.503151643053101e-05,1.309467168654944e-06,200.0,0.0,0.0,0.0,linear,1781.3010742187446,165.57734374999131,0.0,0.0,135.0,21.0,209.0,5.0,15.5,8.5,0.5,0.0,50.0,0.0,66.14811849615387,1.6587903989645767,100.0,0.0,200.0,0.0,100.0,0.0,0.0,0.0,0.0,0.0,294947.5,12786.5,359.5,17.5,438.0,15.0,797.5,2.5,0.5492806603773586,0.020530660377358456,0.5604830202010785,0.0270656179312172,AODV,200.0,0.0,117.5,11.5,680.0,14.0,680.0,14.0,15.5,8.5,20261409.0,500.0,20000.0,0.0,12.9146,0.5573600000000001,3385.1881503846125,165.87903989645815,2,AODV (reference baseline) | grayhole @ 50%,AODV (reference baseline),attack,grayhole,50.0,,,,,,,,,,,,,,,,,,,,,,,,,,,,,,,,,,,,,,,,,,,,,,,,,,,,,,,,,,,,,,,,,,,,,,,,,,,,,,,,,,,,,,,,,,,,,,,,,,,,,,,,,
trust_poisoning,76.07909628041838,3.2423150414457496,5.853106750066701,0.4940903566240773,448037.0,23409.0,0.0,0.0,0.0,0.0,0.0,0.0,2685.0,0.0,0.0,0.0,0.0,0.0,0.0,0.0,0.0,0.0,0.0,0.0,100.0,0.0,0.0,0.0,0.0,0.0,0.005736849991080817,7.985000047483481e-05,40.0,0.0,x25519,747.5,5.5,0.041161850011121714,6.445001417887397e-05,0.0031434500033356017,1.5350002286140807e-05,0.00014342124977702043,1.9962500118708785e-06,5.506836697815297e-05,3.1896455411500483e-07,200.0,0.0,0.0,0.0,linear,2175.262988281259,138.01757812499886,0.0,0.0,166.0,23.0,0.0,0.0,39.5,14.5,0.0,0.0,0.0,0.0,62.19276495227632,1.382721130185537,100.0,0.0,200.0,0.0,100.0,0.0,0.0,0.0,0.0,0.0,160163.5,27606.5,205.5,37.5,581.5,28.5,787.0,9.0,0.739392657374275,0.04466903928382271,0.7776879901776541,0.032404971309729635,AODV,200.0,0.0,175.0,24.0,612.0,33.0,612.0,33.0,39.5,14.5,20261409.0,500.0,20000.0,0.0,17.92148,0.9363600000000005,3780.7235047723675,138.27211301855323,2,AODV (reference baseline) | trust_poisoning @ 0%,AODV (reference baseline),attack,trust_poisoning,0.0,,,,,,,,,,,,,,,,,,,,,,,,,,,,,,,,,,,,,,,,,,,,,,,,,,,,,,,,,,,,,,,,,,,,,,,,,,,,,,,,,,,,,,,,,,,,,,,,,,,,,,,,,
trust_poisoning,73.54440748693426,3.5238513659959025,5.5027991879975895,0.47950169695816314,386703.5,41744.5,0.0,0.0,0.0,0.0,0.0,0.0,3044.0,179.0,0.0,0.0,10.0,0.0,0.0,0.0,0.0,0.0,0.0,0.0,90.0,0.0,0.0,0.0,0.0,0.0,0.005878349988051923,2.2249994799494743e-05,40.0,0.0,x25519,723.5,8.5,0.03985375002412184,0.0009710500071378192,0.0033774499970604666,6.449998181778938e-06,0.0001469587497012981,5.562498699873713e-07,5.5076491683655236e-05,6.950930585027635e-07,200.0,0.0,0.0,0.0,linear,1950.526416015626,153.88618164061722,0.0,0.0,142.0,25.0,76.5,19.5,32.5,6.5,0.1,0.0,10.0,0.0,64.46346177986541,1.5372881432045347,100.0,0.0,200.0,0.0,100.0,0.0,0.0,0.0,4.0,2.0,199935.5,41350.5,251.0,51.0,505.0,53.0,756.0,2.0,0.6678086266385784,0.0683391306173583,0.6972314570675227,0.06506362489969048,AODV,200.0,0.0,143.5,40.5,612.5,38.5,612.5,38.5,32.5,6.5,20261409.0,500.0,20000.0,0.0,15.468140000000002,1.6697800000000003,3553.6538220134594,153.72881432045233,2,AODV (reference baseline) | trust_poisoning @ 10%,AODV (reference baseline),attack,trust_poisoning,10.0,,,,,,,,,,,,,,,,,,,,,,,,,,,,,,,,,,,,,,,,,,,,,,,,,,,,,,,,,,,,,,,,,,,,,,,,,,,,,,,,,,,,,,,,,,,,,,,,,,,,,,,,,
trust_poisoning,75.18174514279272,2.0334851826852898,5.685119706473168,0.26700795310129966,338326.5,60166.5,0.0,0.0,0.0,0.0,0.0,0.0,3154.5,125.5,0.0,0.0,20.0,0.0,0.0,0.0,0.0,0.0,0.0,0.0,80.0,0.0,0.0,0.0,0.0,0.0,0.006249499996556551,0.0001841000030253781,40.0,0.0,x25519,674.5,54.5,0.03779205001592345,0.002256250014397665,0.0035025000070163514,7.609999738633633e-05,0.00015623749991391377,4.602500075634447e-06,5.612587306950682e-05,1.1899333845670227e-06,200.0,0.0,0.0,0.0,linear,1825.5384765625001,78.06777343750196,0.0,0.0,133.0,5.0,94.0,12.0,63.5,40.5,0.2,0.0,20.0,0.0,65.71152731070201,0.7740310155090242,100.0,0.0,200.0,0.0,100.0,0.0,0.0,0.0,5.5,1.5,232023.0,46962.0,290.5,57.5,447.5,71.5,738.0,14.0,0.6047482955213354,0.08541127894674971,0.6591928846409133,0.0527412717376875,AODV,200.0,0.0,117.5,33.5,620.5,19.5,620.5,19.5,63.5,40.5,20261409.0,500.0,20000.0,0.0,13.533059999999999,2.4066599999999996,3428.8472689297996,77.40310155090265,2,AODV (reference baseline) | trust_poisoning @ 20%,AODV (reference baseline),attack,trust_poisoning,20.0,,,,,,,,,,,,,,,,,,,,,,,,,,,,,,,,,,,,,,,,,,,,,,,,,,,,,,,,,,,,,,,,,,,,,,,,,,,,,,,,,,,,,,,,,,,,,,,,,,,,,,,,,
trust_poisoning,73.93050852484959,1.7048270332245534,5.555705318863213,0.2723045091466143,337330.5,35834.5,0.0,0.0,0.0,0.0,0.0,0.0,3298.5,155.5,0.0,0.0,30.0,0.0,0.0,0.0,0.0,0.0,0.0,0.0,70.0,0.0,0.0,0.0,0.0,0.0,0.006378800004313234,0.00016730000788811594,40.0,0.0,x25519,709.5,34.5,0.040617950000523706,0.0014404500270757126,0.003484549999484443,0.00032714999360905495,0.00015947000010783086,4.182500197202893e-06,5.728542413269108e-05,7.553165687133603e-07,200.0,0.0,0.0,0.0,linear,1780.8174316406203,27.970947265628297,0.0,0.0,134.5,16.5,124.5,7.5,60.5,37.5,0.3,0.0,30.0,0.0,66.17104817943022,0.2826685298322573,100.0,0.0,200.0,0.0,100.0,0.0,0.0,0.0,7.0,2.0,255918.5,34703.5,319.5,46.5,450.5,43.5,770.0,3.0,0.585293924178306,0.058773872431863494,0.6334707287933095,0.030507765830346478,AODV,200.0,0.0,123.0,13.0,647.0,16.0,647.0,16.0,60.5,37.5,20261409.0,500.0,20000.0,0.0,13.49322,1.4333800000000005,3382.895182056979,28.266852983225135,2,AODV (reference baseline) | trust_poisoning @ 30%,AODV (reference baseline),attack,trust_poisoning,30.0,,,,,,,,,,,,,,,,,,,,,,,,,,,,,,,,,,,,,,,,,,,,,,,,,,,,,,,,,,,,,,,,,,,,,,,,,,,,,,,,,,,,,,,,,,,,,,,,,,,,,,,,,
trust_poisoning,73.23506707184652,2.0411994868068533,5.432986160146871,0.21906863437367585,278727.5,9834.5,0.0,0.0,0.0,0.0,0.0,0.0,3697.5,409.5,0.0,0.0,40.0,0.0,0.0,0.0,0.0,0.0,0.0,0.0,60.0,0.0,0.0,0.0,0.0,0.0,0.005939450004007085,0.0002887499958887929,40.0,0.0,x25519,644.0,20.0,0.03762880001522717,0.0018402999958198052,0.0031955499962350586,4.145000821154099e-05,0.00014848625010017714,7.2187498972198255e-06,5.8397390547502273e-05,1.0440251317853438e-06,200.0,0.0,0.0,0.0,linear,1526.7352050781242,6.3721191406290245,0.0,0.0,105.0,4.0,162.5,4.5,67.0,21.0,0.4,0.0,40.0,0.0,68.69862736259807,0.07925831605573563,100.0,0.0,200.0,0.0,100.0,0.0,0.0,0.0,12.5,5.5,269947.0,9130.0,334.5,12.5,376.5,11.5,711.0,1.0,0.5295596613388194,0.016919211900617237,0.5846366234167439,0.00029927401915352814,AODV,200.0,0.0,101.5,2.5,609.5,3.5,609.5,3.5,67.0,21.0,20261409.0,500.0,20000.0,0.0,11.1491,0.3933799999999996,3130.137263740192,7.925831605573194,2,AODV (reference baseline) | trust_poisoning @ 40%,AODV (reference baseline),attack,trust_poisoning,40.0,,,,,,,,,,,,,,,,,,,,,,,,,,,,,,,,,,,,,,,,,,,,,,,,,,,,,,,,,,,,,,,,,,,,,,,,,,,,,,,,,,,,,,,,,,,,,,,,,,,,,,,,,
trust_poisoning,72.61090506068001,3.2564506127430306,5.314257866889445,0.38944583681425776,282978.0,8815.0,0.0,0.0,0.0,0.0,0.0,0.0,3442.5,154.5,0.0,0.0,50.0,0.0,0.0,0.0,0.0,0.0,0.0,0.0,50.0,0.0,0.0,0.0,0.0,0.0,0.006446850007705507,0.00015634999908797909,40.0,0.0,x25519,712.0,19.0,0.04068470003767288,0.00028479999673436396,0.003779950000534882,0.0002264500017190585,0.00016117125019263765,3.9087499771994744e-06,5.7171470868318e-05,1.1256431878703348e-06,200.0,0.0,0.0,0.0,linear,1611.0390624999945,56.56601562499475,0.0,0.0,118.5,5.5,205.0,14.0,54.5,31.5,0.5,0.0,50.0,0.0,67.86674012305632,0.5592852164444508,100.0,0.0,200.0,0.0,100.0,0.0,0.0,0.0,9.0,2.0,307485.0,17559.0,378.0,23.0,388.5,10.5,766.5,12.5,0.5072076013933391,0.021970117439552156,0.5456410894167392,0.00018654396219375258,AODV,200.0,0.0,92.5,14.5,674.0,27.0,674.0,27.0,54.5,31.5,20261409.0,500.0,20000.0,0.0,11.31912,0.3526000000000007,3213.325987694369,55.92852164444548,2,AODV (reference baseline) | trust_poisoning @ 50%,AODV (reference baseline),attack,trust_poisoning,50.0,,,,,,,,,,,,,,,,,,,,,,,,,,,,,,,,,,,,,,,,,,,,,,,,,,,,,,,,,,,,,,,,,,,,,,,,,,,,,,,,,,,,,,,,,,,,,,,,,,,,,,,,,
blackhole,75.65512778716402,3.918824364180743,5.78601292078994,0.587274750442937,470639.5,23716.5,0.0,0.0,0.0,0.0,0.0,0.0,2698.0,2.0,0.0,0.0,0.0,0.0,0.0,0.0,0.0,0.0,0.0,0.0,100.0,0.0,0.0,0.0,0.0,0.0,0.006363900007272605,0.0002877999977499712,40.0,0.0,x25519,775.0,1.0,0.04384010004105221,0.0006641000018134946,0.0036304500081314472,0.00011154998537676875,0.00015909750018181513,7.194999943749275e-06,5.6569070885974045e-05,9.298955776767333e-07,200.0,0.0,0.0,0.0,linear,2223.919824218754,191.45751953124602,0.0,0.0,166.0,24.0,0.0,0.0,24.5,0.5,0.0,0.0,0.0,0.0,61.71465033312569,1.9249815154335899,100.0,0.0,200.0,0.0,100.0,0.0,0.0,0.0,0.0,0.0,148201.0,20690.0,190.5,24.5,609.0,25.0,799.5,0.5,0.7617068210262828,0.03079317897371714,0.78576613655132,0.03124417272703056,EAURP,200.0,0.0,204.5,45.5,595.0,45.0,595.0,45.0,24.5,0.5,20261409.0,500.0,20000.0,0.0,18.82558,0.9486600000000003,3828.534966687431,192.4981515433592,2,EAURP (base.pdf substrate) | blackhole @ 0%,EAURP (base.pdf substrate),attack,blackhole,0.0,0.7681975108444346,0.005259298592130257,0.6171465033312569,0.019249815154335936,0.3828534966687431,0.019249815154335936,,,,,,,,,,,,,,,,,,,,,,,,,,,,,,,,,,,,,,,,,,,,,,,,,,,,,,,,,,,,,,,,,,,,,,,,,,,,,,,,,,,,,,,,,,,,,,,,,,,
blackhole,67.07470888703142,3.547701397354679,4.5998140998141,0.5007150007150005,234499.0,62394.0,0.0,0.0,0.0,0.0,0.0,0.0,3232.0,124.0,0.7777777777777778,0.11111111111111116,3.5,1.5,0.0,0.0,0.0,0.0,1.0,0.0,90.0,0.0,6.5,1.5,0.65,0.15000000000000002,0.006552150000061374,1.7049998859874904e-05,40.0,0.0,x25519,603.0,118.0,0.03602690001025621,0.00507520001156081,0.0036552999990817625,0.00020319999384810217,0.00016380375000153436,4.262499714968699e-07,6.041250584045733e-05,3.405432301182677e-06,200.0,0.0,0.0,0.0,linear,1193.427880859373,359.8721191406222,0.0,0.0,86.0,15.0,217.0,25.0,137.0,113.0,0.1,0.0,10.0,0.0,72.0311261523695,3.6131224188317006,100.0,0.0,200.0,0.0,100.0,0.0,0.0,0.0,6.5,1.5,339993.5,55125.5,440.0,73.0,300.0,78.0,740.0,5.0,0.40471168333105056,0.10267086700451991,0.49100190171154035,0.03326994294865379,EAURP,200.0,0.0,117.0,30.0,623.0,25.0,623.0,25.0,137.0,113.0,20261409.0,500.0,20000.0,0.0,9.37996,2.4957599999999998,2796.887384763051,361.3122418831708,2,EAURP (base.pdf substrate) | blackhole @ 10%,EAURP (base.pdf substrate),attack,blackhole,10.0,0.8201299242796067,0.01565768770452669,0.7203112615236948,0.03613122418831699,0.2796887384763051,0.03613122418831699,,,,,,,,,,,,,,,,,,,,,,,,,,,,,,,,,,,,,,,,,,,,,,,,,,,,,,,,,,,,,,,,,,,,,,,,,,,,,,,,,,,,,,,,,,,,,,,,,,,
blackhole,62.27600415338023,1.9003823377998401,3.809413580246914,0.20293209876543217,146066.0,22200.0,0.0,0.0,0.0,0.0,0.0,0.0,3558.0,115.0,0.6853448275862069,0.06465517241379304,9.5,1.5,0.0,0.0,0.0,0.0,1.0,0.0,80.0,0.0,10.5,1.5,0.525,0.07499999999999998,0.0062082000040390994,1.8700000509852543e-05,40.0,0.0,x25519,640.5,8.5,0.0373218000131601,0.0005252000119071454,0.0033319499943900155,8.504999823344406e-05,0.0001552050001009775,4.675000127463163e-07,5.826916948257259e-05,4.670112615968601e-08,200.0,0.0,0.0,0.0,linear,1038.3854003906235,61.375439453124045,0.0,0.0,62.0,7.0,389.5,28.5,110.0,36.0,0.2,0.0,20.0,0.0,73.5670363828179,0.5834503429051807,100.0,0.0,200.0,0.0,100.0,0.0,0.0,0.0,10.5,1.5,436010.0,53166.0,561.5,71.5,189.0,27.0,750.5,44.5,0.254861296702122,0.0510877117964616,0.2956934719432037,0.046078679955530416,EAURP,200.0,0.0,84.5,3.5,666.0,48.0,666.0,48.0,110.0,36.0,20261409.0,500.0,20000.0,0.0,5.84264,0.8879999999999999,2643.2963617182095,58.34503429051824,2,EAURP (base.pdf substrate) | blackhole @ 20%,EAURP (base.pdf substrate),attack,blackhole,20.0,0.8441635285681415,0.0032435317037290967,0.735670363828179,0.0058345034290518405,0.264329636171821,0.0058345034290518405,,,,,,,,,,,,,,,,,,,,,,,,,,,,,,,,,,,,,,,,,,,,,,,,,,,,,,,,,,,,,,,,,,,,,,,,,,,,,,,,,,,,,,,,,,,,,,,,,,,
blackhole,57.585074253938444,3.196640629149009,3.0931319014682686,0.36955466569591056,128523.5,32178.5,0.0,0.0,0.0,0.0,0.0,0.0,3605.0,160.0,0.5330948121645795,0.07155635062611806,19.0,2.0,0.0,0.0,0.0,0.0,1.0,0.0,70.0,0.0,11.0,2.0,0.3666666666666667,0.06666666666666668,0.006414599994968739,0.0003150000102323247,40.0,0.0,x25519,668.0,45.0,0.03840405001938052,0.0032941499976004707,0.00369940000018687,0.0001357000037387479,0.0001603649998742185,7.875000255808126e-06,5.741946439108185e-05,1.0632845808409987e-06,200.0,0.0,0.0,0.0,linear,905.7815429687495,149.83759765625052,0.0,0.0,55.5,11.5,450.5,5.5,87.0,65.0,0.3,0.0,30.0,0.0,74.90671865103533,1.5066118930245338,100.0,0.0,200.0,0.0,100.0,0.0,0.0,0.0,11.0,2.0,454934.5,45801.5,593.0,59.0,162.0,39.0,755.0,20.0,0.21608953258722846,0.0573798551678736,0.23966960754076438,0.04223782583931977,EAURP,200.0,0.0,68.5,19.5,686.5,39.5,686.5,39.5,87.0,65.0,20261409.0,500.0,20000.0,0.0,5.14094,1.2871399999999997,2509.3281348964647,150.66118930245307,2,EAURP (base.pdf substrate) | blackhole @ 30%,EAURP (base.pdf substrate),attack,blackhole,30.0,0.8643511679024262,0.006995108401277039,0.7490671865103534,0.015066118930245342,0.2509328134896466,0.015066118930245342,,,,,,,,,,,,,,,,,,,,,,,,,,,,,,,,,,,,,,,,,,,,,,,,,,,,,,,,,,,,,,,,,,,,,,,,,,,,,,,,,,,,,,,,,,,,,,,,,,,
blackhole,51.00075507783448,0.13639352744483801,2.3282252316464715,0.04133998574483244,66169.5,30134.5,0.0,0.0,0.0,0.0,0.0,0.0,3733.0,45.0,0.4760522496371553,0.014513788098693803,27.5,0.5,0.0,0.0,0.0,0.0,1.0,0.0,60.0,0.0,12.5,0.5,0.3125,0.012500000000000011,0.006198599989147624,0.00013529999705497175,40.0,0.0,x25519,685.5,28.5,0.038339050004651654,0.0016368499873351539,0.0033786999974836363,8.490000800520647e-05,0.0001549649997286906,3.382499926374294e-06,5.592598679497601e-05,6.266865598590713e-08,200.0,0.0,0.0,0.0,linear,647.6979003906256,24.987744140625807,0.0,0.0,50.5,8.5,551.0,18.0,58.0,34.0,0.4,0.0,40.0,0.0,77.49718485121748,0.2605724863864367,100.0,0.0,200.0,0.0,100.0,0.0,0.0,0.0,12.5,0.5,505792.0,33540.0,659.5,43.5,84.0,38.0,743.5,5.5,0.11336343670512808,0.051948216411403104,0.12044178401954389,0.05042656331939169,EAURP,200.0,0.0,36.5,15.5,707.0,21.0,707.0,21.0,58.0,34.0,20261409.0,500.0,20000.0,0.0,2.64678,1.20538,2250.28151487825,26.057248638643387,2,EAURP (base.pdf substrate) | blackhole @ 40%,EAURP (base.pdf substrate),attack,blackhole,40.0,0.8959903686397213,0.002018685222819283,0.7749718485121748,0.002605724863864345,0.22502815148782518,0.002605724863864345,,,,,,,,,,,,,,,,,,,,,,,,,,,,,,,,,,,,,,,,,,,,,,,,,,,,,,,,,,,,,,,,,,,,,,,,,,,,,,,,,,,,,,,,,,,,,,,,,,,
blackhole,49.922063707721634,4.902455335416132,1.8871158392434988,0.5573286052009457,44164.0,29550.0,0.0,0.0,0.0,0.0,0.0,0.0,3684.0,102.0,0.3866770752016654,0.026021337496747343,38.0,1.0,0.0,0.0,0.0,0.0,1.0,0.0,50.0,0.0,12.0,1.0,0.24,0.020000000000000004,0.005914649998885579,0.00011875001655425876,40.0,0.0,x25519,633.0,79.0,0.036292050002884935,0.003613749971918878,0.0033458999987487914,9.059999320015777e-05,0.00014786624997213947,2.9687504138564772e-06,5.7516786506826175e-05,1.469314632101723e-06,200.0,0.0,0.0,0.0,linear,498.336083984375,29.942431640624903,0.0,0.0,38.5,1.5,538.5,42.5,87.0,56.0,0.5,0.0,50.0,0.0,78.98306328039712,0.321672251023422,100.0,0.0,200.0,0.0,100.0,0.0,0.0,0.0,12.0,1.0,510095.0,10979.0,664.0,15.0,56.0,38.0,720.0,23.0,0.07616954801485312,0.05034458388285887,0.08225672331967711,0.049765748590435234,EAURP,200.0,0.0,19.0,16.0,701.0,7.0,701.0,7.0,87.0,56.0,20261409.0,500.0,20000.0,0.0,1.7665600000000001,1.1820000000000002,2101.6936719602886,32.167225102342854,2,EAURP (base.pdf substrate) | blackhole @ 50%,EAURP (base.pdf substrate),attack,blackhole,50.0,0.9160911150734999,0.00023548487345070868,0.789830632803971,0.003216722510234249,0.2101693671960289,0.003216722510234249,,,,,,,,,,,,,,,,,,,,,,,,,,,,,,,,,,,,,,,,,,,,,,,,,,,,,,,,,,,,,,,,,,,,,,,,,,,,,,,,,,,,,,,,,,,,,,,,,,,
grayhole,75.65512778716402,3.918824364180743,5.78601292078994,0.587274750442937,470639.5,23716.5,0.0,0.0,0.0,0.0,0.0,0.0,2698.0,2.0,0.0,0.0,0.0,0.0,0.0,0.0,0.0,0.0,0.0,0.0,100.0,0.0,0.0,0.0,0.0,0.0,0.006388699999661185,0.00020489999951678328,40.0,0.0,x25519,775.0,1.0,0.04349289998572203,0.0012633000624191482,0.0035499499917932553,0.0001487499994254904,0.0001597174999915296,5.122499987919579e-06,5.611786107260475e-05,1.557654453350378e-06,200.0,0.0,0.0,0.0,linear,2223.919824218754,191.45751953124602,0.0,0.0,166.0,24.0,0.0,0.0,24.5,0.5,0.0,0.0,0.0,0.0,61.71465033312569,1.9249815154335899,100.0,0.0,200.0,0.0,100.0,0.0,0.0,0.0,0.0,0.0,148201.0,20690.0,190.5,24.5,609.0,25.0,799.5,0.5,0.7617068210262828,0.03079317897371714,0.78576613655132,0.03124417272703056,EAURP,200.0,0.0,204.5,45.5,595.0,45.0,595.0,45.0,24.5,0.5,20261409.0,500.0,20000.0,0.0,18.82558,0.9486600000000003,3828.534966687431,192.4981515433592,2,EAURP (base.pdf substrate) | grayhole @ 0%,EAURP (base.pdf substrate),attack,grayhole,0.0,0.7681975108444346,0.005259298592130257,0.6171465033312569,0.019249815154335936,0.3828534966687431,0.019249815154335936,,,,,,,,,,,,,,,,,,,,,,,,,,,,,,,,,,,,,,,,,,,,,,,,,,,,,,,,,,,,,,,,,,,,,,,,,,,,,,,,,,,,,,,,,,,,,,,,,,,
grayhole,74.57480520631513,3.7943439547276796,5.610639674142767,0.5510144611955785,425790.0,25517.0,0.0,0.0,0.0,0.0,0.0,0.0,2700.0,0.0,0.0,0.0,10.0,0.0,0.0,0.0,0.0,0.0,0.0,0.0,90.0,0.0,0.0,0.0,0.0,0.0,0.006274350003877771,0.00039745001231494825,40.0,0.0,x25519,784.0,8.0,0.0426448499711114,0.002096950000122888,0.003627099998993799,0.0003446000046096742,0.00015685875009694428,9.936250307873706e-06,5.437231004853684e-05,2.1198616323145334e-06,200.0,0.0,0.0,0.0,linear,2113.4866210937544,171.30039062499577,0.0,0.0,153.5,19.5,71.0,16.0,16.0,8.0,0.1,0.0,10.0,0.0,62.836544223132144,1.7333908147619965,100.0,0.0,200.0,0.0,100.0,0.0,0.0,0.0,0.0,0.0,193476.0,22916.0,240.5,27.5,559.5,27.5,800.0,0.0,0.6993750000000001,0.03437499999999999,0.7140802353431219,0.042363063625950215,EAURP,200.0,0.0,176.0,35.0,624.0,35.0,624.0,35.0,16.0,8.0,20261409.0,500.0,20000.0,0.0,17.031599999999997,1.0206800000000005,3716.345577686786,173.33908147619968,2,EAURP (base.pdf substrate) | grayhole @ 10%,EAURP (base.pdf substrate),attack,grayhole,10.0,0.7663929017378541,0.0037323411869916723,0.6283654422313214,0.01733390814761998,0.37163455776867854,0.01733390814761998,,,,,,,,,,,,,,,,,,,,,,,,,,,,,,,,,,,,,,,,,,,,,,,,,,,,,,,,,,,,,,,,,,,,,,,,,,,,,,,,,,,,,,,,,,,,,,,,,,,
grayhole,73.74327888668321,3.755372307889239,5.564859507286116,0.48032713318539644,405201.0,18386.0,0.0,0.0,0.0,0.0,0.0,0.0,2742.5,43.5,0.047619047619047616,0.047619047619047616,19.5,0.5,0.0,0.0,0.0,0.0,0.5,0.5,80.0,0.0,0.5,0.5,0.025,0.025,0.0058583499976521125,0.00024175000544346403,40.0,0.0,x25519,780.0,4.0,0.04018139995423553,0.000644699970507645,0.0031296000015572645,0.00010750000365078449,0.00014645874994130282,6.043750136086598e-06,5.1520208888113005e-05,1.0907446231539704e-06,200.0,0.0,0.0,0.0,linear,2058.3961425781317,211.99301757812395,0.0,0.0,139.0,14.0,108.5,13.5,19.5,4.5,0.2,0.0,20.0,0.0,63.38012367943732,2.1152412938919873,100.0,0.0,200.0,0.0,100.0,0.0,0.0,0.0,0.5,0.5,213639.5,15359.5,267.0,23.0,532.5,23.5,799.5,0.5,0.666023153942428,0.028976846057571948,0.6828647696191879,0.033630075741636845,EAURP,200.0,0.0,157.0,27.0,642.5,26.5,642.5,26.5,19.5,4.5,20261409.0,500.0,20000.0,0.0,16.20804,0.7354400000000005,3661.987632056269,211.52412938919838,2,EAURP (base.pdf substrate) | grayhole @ 20%,EAURP (base.pdf substrate),attack,grayhole,20.0,0.7618218369762744,0.007511202172522158,0.6338012367943732,0.021152412938919896,0.36619876320562683,0.021152412938919896,,,,,,,,,,,,,,,,,,,,,,,,,,,,,,,,,,,,,,,,,,,,,,,,,,,,,,,,,,,,,,,,,,,,,,,,,,,,,,,,,,,,,,,,,,,,,,,,,,,
grayhole,72.99705272445617,3.138345872572188,5.401675521367119,0.4256165895070816,381617.5,31009.5,0.0,0.0,0.0,0.0,0.0,0.0,2699.5,0.5,0.0,0.0,30.0,0.0,0.0,0.0,0.0,0.0,0.0,0.0,70.0,0.0,0.0,0.0,0.0,0.0,0.0047427500066987704,0.001298349987337133,40.0,0.0,x25519,780.5,4.5,0.027341449984305655,0.004358449970823131,0.003074250014833524,0.0008230500043282518,0.00011856875016746926,3.245874968342832e-05,3.499965310900561e-05,5.3823850503941135e-06,200.0,0.0,0.0,0.0,linear,1928.869824218747,144.71337890623442,0.0,0.0,147.0,20.0,127.5,21.5,19.5,4.5,0.3,0.0,30.0,0.0,64.67780774339779,1.431224307240825,100.0,0.0,200.0,0.0,100.0,0.0,0.0,0.0,0.0,0.0,237648.5,28408.5,294.0,37.0,506.0,37.0,800.0,0.0,0.6325000000000001,0.04624999999999996,0.6485972486703,0.05114501937093702,EAURP,200.0,0.0,156.5,39.5,643.5,39.5,643.5,39.5,19.5,4.5,20261409.0,500.0,20000.0,0.0,15.2647,1.24038,3532.21922566022,143.12243072408205,2,EAURP (base.pdf substrate) | grayhole @ 30%,EAURP (base.pdf substrate),attack,grayhole,30.0,0.7609311253903785,0.006262947835503407,0.646778077433978,0.014312243072408248,0.3532219225660221,0.014312243072408248,,,,,,,,,,,,,,,,,,,,,,,,,,,,,,,,,,,,,,,,,,,,,,,,,,,,,,,,,,,,,,,,,,,,,,,,,,,,,,,,,,,,,,,,,,,,,,,,,,,
grayhole,71.8659054450489,3.6573113951701544,5.255313557300731,0.496349413874436,355305.5,22482.5,0.0,0.0,0.0,0.0,0.0,0.0,2700.0,0.0,0.0,0.0,40.0,0.0,0.0,0.0,0.0,0.0,0.0,0.0,60.0,0.0,0.0,0.0,0.0,0.0,0.0030439499896601774,5.27500051248353e-05,40.0,0.0,x25519,784.5,8.5,0.02180640000733547,0.0006925000125193037,0.00194894999913231,5.425000017567072e-05,7.609874974150442e-05,1.3187501281208838e-06,2.779025648985365e-05,5.816224759152936e-07,200.0,0.0,0.0,0.0,linear,1838.35141601562,133.5280761718626,0.0,0.0,135.0,11.0,173.0,23.0,15.5,8.5,0.4,0.0,40.0,0.0,65.59646939101347,1.3459313694466104,100.0,0.0,200.0,0.0,100.0,0.0,0.0,0.0,0.0,0.0,263960.5,19881.5,323.5,25.5,476.5,25.5,800.0,0.0,0.595625,0.03187499999999999,0.6078167860532235,0.039090430441621915,EAURP,200.0,0.0,139.5,16.5,660.5,16.5,660.5,16.5,15.5,8.5,20261409.0,500.0,20000.0,0.0,14.21222,0.8993000000000002,3440.353060898651,134.59313694466118,2,EAURP (base.pdf substrate) | grayhole @ 40%,EAURP (base.pdf substrate),attack,grayhole,40.0,0.7585026617714913,0.0023797111867215337,0.6559646939101348,0.013459313694466069,0.3440353060898652,0.013459313694466069,,,,,,,,,,,,,,,,,,,,,,,,,,,,,,,,,,,,,,,,,,,,,,,,,,,,,,,,,,,,,,,,,,,,,,,,,,,,,,,,,,,,,,,,,,,,,,,,,,,
grayhole,71.98368784955048,3.6179069881232593,5.246525533290239,0.5385423400129281,341189.5,18588.5,0.0,0.0,0.0,0.0,0.0,0.0,2700.0,0.0,0.0,0.0,50.0,0.0,0.0,0.0,0.0,0.0,0.0,0.0,50.0,0.0,0.0,0.0,0.0,0.0,0.0029635999981110217,4.730000546260271e-05,40.0,0.0,x25519,784.5,8.5,0.020361900013085688,0.000576899907173356,0.0018904999960795976,8.800001523923129e-06,7.408999995277553e-05,1.1825001365650665e-06,2.5950336889559984e-05,4.5420273245646435e-07,200.0,0.0,0.0,0.0,linear,1780.2756835937435,155.57294921874086,0.0,0.0,120.5,17.5,205.0,8.0,15.5,8.5,0.5,0.0,50.0,0.0,66.16410997316602,1.5539951925763944,100.0,0.0,200.0,0.0,100.0,0.0,0.0,0.0,0.0,0.0,278076.5,15987.5,341.0,17.0,459.0,17.0,800.0,0.0,0.57375,0.02124999999999999,0.585389555517999,0.02801250633767116,EAURP,200.0,0.0,140.0,21.0,660.0,21.0,660.0,21.0,15.5,8.5,20261409.0,500.0,20000.0,0.0,13.647580000000001,0.7435400000000003,3383.5890026833986,155.39951925763967,2,EAURP (base.pdf substrate) | grayhole @ 50%,EAURP (base.pdf substrate),attack,grayhole,50.0,0.7574217231413354,0.009488517008463704,0.6616410997316602,0.015539951925763962,0.3383589002683398,0.015539951925763962,,,,,,,,,,,,,,,,,,,,,,,,,,,,,,,,,,,,,,,,,,,,,,,,,,,,,,,,,,,,,,,,,,,,,,,,,,,,,,,,,,,,,,,,,,,,,,,,,,,
trust_poisoning,75.65512778716402,3.918824364180743,5.78601292078994,0.587274750442937,470639.5,23716.5,0.0,0.0,0.0,0.0,0.0,0.0,2698.0,2.0,0.0,0.0,0.0,0.0,0.0,0.0,0.0,0.0,0.0,0.0,100.0,0.0,0.0,0.0,0.0,0.0,0.002872549997846363,7.225000445032492e-05,40.0,0.0,x25519,775.0,1.0,0.020196199953716132,0.00015300000268325675,0.0018154999834223418,6.880000910314266e-05,7.181374994615907e-05,1.806250111258123e-06,2.6059401495989703e-05,1.637943241126022e-07,200.0,0.0,0.0,0.0,linear,2223.919824218754,191.45751953124602,0.0,0.0,166.0,24.0,0.0,0.0,24.5,0.5,0.0,0.0,0.0,0.0,61.71465033312569,1.9249815154335899,100.0,0.0,200.0,0.0,100.0,0.0,0.0,0.0,0.0,0.0,148201.0,20690.0,190.5,24.5,609.0,25.0,799.5,0.5,0.7617068210262828,0.03079317897371714,0.78576613655132,0.03124417272703056,EAURP,200.0,0.0,204.5,45.5,595.0,45.0,595.0,45.0,24.5,0.5,20261409.0,500.0,20000.0,0.0,18.82558,0.9486600000000003,3828.534966687431,192.4981515433592,2,EAURP (base.pdf substrate) | trust_poisoning @ 0%,EAURP (base.pdf substrate),attack,trust_poisoning,0.0,0.7681975108444346,0.005259298592130257,0.6171465033312569,0.019249815154335936,0.3828534966687431,0.019249815154335936,,,,,,,,,,,,,,,,,,,,,,,,,,,,,,,,,,,,,,,,,,,,,,,,,,,,,,,,,,,,,,,,,,,,,,,,,,,,,,,,,,,,,,,,,,,,,,,,,,,
trust_poisoning,74.40581567466324,3.625354423075798,5.598360993570369,0.5387357806231794,414361.5,36945.5,0.0,0.0,0.0,0.0,0.0,0.0,2968.0,268.0,0.0,0.0,10.0,0.0,3.0,3.0,0.03333333333333333,0.03333333333333333,0.0,0.0,87.0,3.0,0.0,0.0,0.0,0.0,0.00421129998358083,0.001366499996947823,40.0,0.0,x25519,763.5,12.5,0.026893650014244486,0.003972349972173106,0.0026982999934261898,0.0009754999937285902,0.00010528249958952074,3.416249992369558e-05,3.5148405924786714e-05,4.627367253586471e-06,200.0,0.0,0.0,0.0,linear,2085.3724609375,143.1862304687411,0.0,0.0,150.5,16.5,71.5,16.5,31.0,7.0,0.1,0.0,10.0,0.0,63.11457240291957,1.4553626349745699,100.0,0.0,200.0,0.0,100.0,0.0,0.0,0.0,3.0,3.0,201571.0,31011.0,253.0,40.0,541.5,45.5,794.5,5.5,0.6811969264892268,0.05255307351077315,0.7084480143314069,0.047995284637665225,EAURP,200.0,0.0,168.5,42.5,626.0,37.0,626.0,37.0,31.0,7.0,20261409.0,500.0,20000.0,0.0,16.574460000000002,1.4778199999999995,3688.5427597080434,145.53626349745718,2,EAURP (base.pdf substrate) | trust_poisoning @ 10%,EAURP (base.pdf substrate),attack,trust_poisoning,10.0,0.7662869126240464,0.0038383303007994973,0.6311457240291958,0.014553626349745719,0.3688542759708043,0.014553626349745719,,,,,,,,,,,,,,,,,,,,,,,,,,,,,,,,,,,,,,,,,,,,,,,,,,,,,,,,,,,,,,,,,,,,,,,,,,,,,,,,,,,,,,,,,,,,,,,,,,,
trust_poisoning,75.52860619965966,3.4839811235985962,5.805071884297236,0.47911614989079787,364981.0,12132.0,0.0,0.0,0.0,0.0,0.0,0.0,3123.5,78.5,0.0,0.0,20.0,0.0,5.0,1.0,0.0625,0.012499999999999997,0.0,0.0,75.0,1.0,0.0,0.0,0.0,0.0,0.0029547500089392997,8.450006134808064e-06,40.0,0.0,x25519,714.5,2.5,0.019603200013079913,0.0005405000447353814,0.0019087999971816316,7.300001016119495e-06,7.386875022348249e-05,2.112501533702016e-07,2.7439231934436235e-05,8.524816299110865e-07,200.0,0.0,0.0,0.0,linear,1988.2542968750038,171.13837890625314,0.0,0.0,134.0,8.0,98.0,9.0,37.5,13.5,0.2,0.0,20.0,0.0,64.06536956625719,1.7191917369264935,100.0,0.0,200.0,0.0,100.0,0.0,0.0,0.0,5.0,1.0,216214.0,22045.0,269.5,30.5,482.5,14.5,752.0,16.0,0.6423233695652174,0.032948369565217406,0.6753766865685675,0.022657021296600965,EAURP,200.0,0.0,138.5,29.5,613.5,45.5,613.5,45.5,37.5,13.5,20261409.0,500.0,20000.0,0.0,14.59924,0.4852799999999995,3593.4630433742805,171.91917369265025,2,EAURP (base.pdf substrate) | trust_poisoning @ 20%,EAURP (base.pdf substrate),attack,trust_poisoning,20.0,0.76316141989145,0.006846241635048711,0.6406536956625719,0.017191917369264897,0.35934630433742815,0.017191917369264897,,,,,,,,,,,,,,,,,,,,,,,,,,,,,,,,,,,,,,,,,,,,,,,,,,,,,,,,,,,,,,,,,,,,,,,,,,,,,,,,,,,,,,,,,,,,,,,,,,,
trust_poisoning,73.85640823593042,1.3990086646073294,5.554590776900707,0.21322531505331677,351129.0,26979.0,0.0,0.0,0.0,0.0,0.0,0.0,3303.5,1.5,0.0,0.0,30.0,0.0,7.0,0.0,0.1,0.0,0.0,0.0,63.0,0.0,0.0,0.0,0.0,0.0,0.0033134499935840722,0.0002954499977931846,40.0,0.0,x25519,721.5,28.5,0.02104690003761789,0.0012779000171576627,0.0021706000152335037,0.0002651000140758697,8.283624983960181e-05,7.386249944829611e-06,2.9146547814626864e-05,6.198522584072035e-07,200.0,0.0,0.0,0.0,linear,1829.2346679687466,1.3371093749984766,0.0,0.0,138.0,3.0,117.0,0.0,52.5,33.5,0.3,0.0,30.0,0.0,65.66932000839701,0.011207408403748786,100.0,0.0,200.0,0.0,100.0,0.0,0.0,0.0,7.0,0.0,247743.5,28228.5,307.5,36.5,466.5,31.5,774.0,5.0,0.6030012469722945,0.04459303131119052,0.6458528138528139,0.01814718614718619,EAURP,200.0,0.0,125.5,27.5,648.5,32.5,648.5,32.5,52.5,33.5,20261409.0,500.0,20000.0,0.0,14.04516,1.0791600000000008,3433.067999160299,1.120740840374765,2,EAURP (base.pdf substrate) | trust_poisoning @ 30%,EAURP (base.pdf substrate),attack,trust_poisoning,30.0,0.765743496848305,0.0014849070102525563,0.65669320008397,0.00011207408403751673,0.3433067999160299,0.00011207408403751673,,,,,,,,,,,,,,,,,,,,,,,,,,,,,,,,,,,,,,,,,,,,,,,,,,,,,,,,,,,,,,,,,,,,,,,,,,,,,,,,,,,,,,,,,,,,,,,,,,,
trust_poisoning,72.61796588008325,0.1372370677325847,5.394538727007507,0.06367452947664276,279189.0,22300.0,0.0,0.0,0.0,0.0,0.0,0.0,3816.5,199.5,0.0,0.0,40.0,0.0,13.5,2.5,0.22499999999999998,0.04166666666666667,0.0,0.0,46.5,2.5,0.0,0.0,0.0,0.0,0.0032187999986490468,0.00012629998855118174,40.0,0.0,x25519,659.0,40.0,0.02106625001761131,0.0007295499854080845,0.0020234000039636157,9.909999062074348e-05,8.046999996622617e-05,3.157499713779542e-06,3.2017760803431466e-05,8.363587962506415e-07,200.0,0.0,0.0,0.0,linear,1577.1741699218705,86.59458007812839,0.0,0.0,126.5,5.5,156.5,5.5,58.0,35.0,0.4,0.0,40.0,0.0,68.20190049996299,0.8578519162260108,100.0,0.0,200.0,0.0,100.0,0.0,0.0,0.0,13.5,2.5,274899.0,18864.0,341.0,24.0,376.0,29.0,717.0,5.0,0.5241506894083227,0.036791138846524934,0.5699903624148044,0.009408779216096896,EAURP,200.0,0.0,101.0,13.0,616.0,8.0,616.0,8.0,58.0,35.0,20261409.0,500.0,20000.0,0.0,11.16756,0.8919999999999995,3179.809950003701,85.78519162260045,2,EAURP (base.pdf substrate) | trust_poisoning @ 40%,EAURP (base.pdf substrate),attack,trust_poisoning,40.0,0.7676007951825904,0.006045510056166603,0.68201900499963,0.008578519162260101,0.3179809950003701,0.008578519162260101,,,,,,,,,,,,,,,,,,,,,,,,,,,,,,,,,,,,,,,,,,,,,,,,,,,,,,,,,,,,,,,,,,,,,,,,,,,,,,,,,,,,,,,,,,,,,,,,,,,
trust_poisoning,71.73695161499131,3.0166135278090707,5.198928571428572,0.4239285714285712,290505.5,36824.5,0.0,0.0,0.0,0.0,0.0,0.0,3699.5,252.5,0.0,0.0,50.0,0.0,12.0,3.0,0.24,0.06,0.0,0.0,38.0,3.0,0.0,0.0,0.0,0.0,0.0029752500049653463,6.324999776552431e-05,40.0,0.0,x25519,687.5,59.5,0.019078199977229815,0.0017264999696635641,0.0019010500109288841,5.395000334829092e-05,7.438125012413366e-05,1.5812499441381038e-06,2.774054974921025e-05,1.1045419576080585e-07,200.0,0.0,0.0,0.0,linear,1526.7218750000002,44.45615234374998,0.0,0.0,109.0,1.0,183.5,13.5,88.0,63.0,0.5,0.0,50.0,0.0,68.68080701313681,0.4507938486718288,100.0,0.0,200.0,0.0,100.0,0.0,0.0,0.0,12.0,3.0,307206.0,37559.0,380.5,48.5,395.0,45.0,775.5,3.5,0.509621076576187,0.06032710995231033,0.5731737992308938,0.015848958466562646,EAURP,200.0,0.0,116.5,27.5,659.0,31.0,659.0,31.0,88.0,63.0,20261409.0,500.0,20000.0,0.0,11.62022,1.4729799999999997,3131.91929868632,45.07938486718308,2,EAURP (base.pdf substrate) | trust_poisoning @ 50%,EAURP (base.pdf substrate),attack,trust_poisoning,50.0,0.7700288712945872,0.00280201714604833,0.6868080701313681,0.004507938486718321,0.3131919298686319,0.004507938486718321,,,,,,,,,,,,,,,,,,,,,,,,,,,,,,,,,,,,,,,,,,,,,,,,,,,,,,,,,,,,,,,,,,,,,,,,,,,,,,,,,,,,,,,,,,,,,,,,,,,
blackhole,79.64238053690852,4.294788978499781,6.312604593757845,0.5556386494853984,478111.5,24399.5,0.0,0.0,0.0,0.0,0.0,0.0,2696.0,4.0,0.0,0.0,0.0,0.0,0.0,0.0,0.0,0.0,0.0,0.0,100.0,0.0,0.0,0.0,0.0,0.0,0.0032206000068981666,5.009999586036429e-05,40.0,0.0,x25519,768.5,7.5,0.022349749984641676,0.00035304998709762003,0.0020652499988500495,7.115000335033983e-05,8.051500017245417e-05,1.2524998965091031e-06,2.908955717873315e-05,7.432942953000888e-07,200.0,0.0,0.0,0.0,linear,2408.2437011718803,136.14760742188014,0.0,0.0,149.5,19.5,0.0,0.0,31.0,7.0,0.0,0.0,0.0,0.0,59.893850203791544,1.3480588208638942,100.0,0.0,200.0,0.0,100.0,0.0,0.0,0.0,0.0,0.0,140490.0,21134.0,180.5,26.5,619.0,27.0,799.5,0.5,0.7742130788485607,0.033286921151439275,0.8051990056491052,0.027275221155018514,A:DRL-EAURP,200.0,0.0,224.5,42.5,575.0,42.0,575.0,42.0,31.0,7.0,20261409.0,500.0,20000.0,0.0,19.12446,0.9759799999999998,4010.614979620846,134.80588208638937,2,A: DRL-EAURP (paper) | blackhole @ 0%,A: DRL-EAURP (paper),attack,blackhole,0.0,,,,,,,0.7767506257822278,0.024250625782227808,0.5484261576971214,0.0665738423028786,5.0,0.0,799.5,0.5,4.0,0.0,watchdog_pfr,,,,,,,,,,,,,,,,,,,,,,,,,,,,,,,,,,,,,,,,,,,,,,,,,,,,,,,,,,,,,,,,,,,,,,,,,,,,,,,,,,,,,,,,
blackhole,73.67757673355817,8.46663529278161,5.593833912860554,1.2573410218652938,231258.5,68672.5,0.0,0.0,0.0,0.0,0.0,0.0,3229.5,112.5,0.7777777777777778,0.11111111111111116,3.5,1.5,0.0,0.0,0.0,0.0,1.0,0.0,90.0,0.0,6.5,1.5,0.65,0.15000000000000002,0.0031467999924643664,6.000007488182746e-06,40.0,0.0,x25519,602.0,110.0,0.018404099964755005,0.002424299991616863,0.0020686500138253905,1.384999995934777e-05,7.866999981160916e-05,1.5000018720457136e-07,3.086631948166352e-05,1.612948756422132e-06,200.0,0.0,0.0,0.0,linear,1495.8757324218811,609.2806152343794,0.0,0.0,103.0,33.0,202.0,9.0,138.0,113.0,0.1,0.0,10.0,0.0,69.0152697238903,6.098507146602312,100.0,0.0,200.0,0.0,100.0,0.0,0.0,0.0,6.5,1.5,343031.0,67157.0,443.0,89.0,297.0,86.0,740.0,3.0,0.40182910237750435,0.11784525311774663,0.4833915684662464,0.05452977984836027,A:DRL-EAURP,200.0,0.0,132.5,34.5,607.5,37.5,607.5,37.5,138.0,113.0,20261409.0,500.0,20000.0,0.0,9.25034,2.7468999999999997,3098.473027610968,609.850714660231,2,A: DRL-EAURP (paper) | blackhole @ 10%,A: DRL-EAURP (paper),attack,blackhole,10.0,,,,,,,0.38662888907962334,0.13154069369292046,-0.19634179524499126,0.2356905062354933,5.5,1.5,740.0,3.0,2.0,1.0,watchdog_pfr,,,,,,,,,,,,,,,,,,,,,,,,,,,,,,,,,,,,,,,,,,,,,,,,,,,,,,,,,,,,,,,,,,,,,,,,,,,,,,,,,,,,,,,,
blackhole,61.811227961980215,0.9178044448438101,3.879331600693056,0.0637578302012527,143102.5,47991.5,0.0,0.0,0.0,0.0,0.0,0.0,3568.0,192.0,0.6796536796536797,0.10822510822510822,9.5,2.5,0.0,0.0,0.0,0.0,1.0,0.0,80.0,0.0,10.5,2.5,0.525,0.125,0.0032415499954367988,3.16500045300927e-05,40.0,0.0,x25519,679.0,1.0,0.02200784998603922,0.00027295007203065325,0.00205959999220795,8.090000847005285e-05,8.103874988591997e-05,7.912501132523202e-07,3.241162847138773e-05,3.5425396695031784e-07,200.0,0.0,0.0,0.0,linear,1065.7687988281268,24.239892578123886,0.0,0.0,84.0,9.0,411.5,52.5,82.0,34.0,0.2,0.0,20.0,0.0,73.2970027590247,0.26530306322617747,100.0,0.0,200.0,0.0,100.0,0.0,0.0,0.0,10.5,2.5,445138.0,71963.0,577.5,95.5,183.5,60.5,761.0,35.0,0.24530538366764953,0.0907827706023229,0.27038217942044074,0.08949982647926429,A:DRL-EAURP,200.0,0.0,93.5,26.5,667.5,61.5,667.5,61.5,82.0,34.0,20261409.0,500.0,20000.0,0.0,5.7241,1.9196600000000001,2670.299724097529,26.53030632261789,2,A: DRL-EAURP (paper) | blackhole @ 20%,A: DRL-EAURP (paper),attack,blackhole,20.0,,,,,,,0.5191626174951894,0.01665005468111913,-0.5093892326647009,0.18156554120464585,6.0,0.0,761.0,35.0,3.5,0.5,watchdog_pfr,,,,,,,,,,,,,,,,,,,,,,,,,,,,,,,,,,,,,,,,,,,,,,,,,,,,,,,,,,,,,,,,,,,,,,,,,,,,,,,,,,,,,,,,
blackhole,57.61959749863196,1.5880390713097015,3.2366185216652505,0.21792693288020404,117821.0,35453.0,0.0,0.0,0.0,0.0,0.0,0.0,3623.5,10.5,0.5365853658536585,0.0,19.0,0.0,0.0,0.0,0.0,0.0,1.0,0.0,70.0,0.0,11.0,0.0,0.36666666666666664,0.0,0.0034551999960967805,2.5699991965666413e-05,40.0,0.0,x25519,680.5,56.5,0.02118299996800488,0.0012711999697785359,0.002244749988676631,3.0150002203299664e-05,8.637999990241951e-05,6.424997991416603e-07,3.118848215203448e-05,7.214537425590171e-07,200.0,0.0,0.0,0.0,linear,915.476269531251,159.81601562500066,0.0,0.0,65.0,7.0,463.0,4.0,81.5,60.5,0.3,0.0,30.0,0.0,74.78548718245257,1.6181207653127103,100.0,0.0,200.0,0.0,100.0,0.0,0.0,0.0,11.0,0.0,466251.0,35748.0,609.5,49.5,152.5,45.5,762.0,4.0,0.20045020219486487,0.06076351812175783,0.2200655376961347,0.048591178721775735,A:DRL-EAURP,200.0,0.0,86.5,26.5,675.5,30.5,675.5,30.5,81.5,60.5,20261409.0,500.0,20000.0,0.0,4.71284,1.41812,2521.4512817547434,161.81207653127012,2,A: DRL-EAURP (paper) | blackhole @ 30%,A: DRL-EAURP (paper),attack,blackhole,30.0,,,,,,,0.5676319433441033,0.00888520705167506,-0.5990995956102703,0.12152703624351566,6.0,0.0,762.0,4.0,4.0,1.0,watchdog_pfr,,,,,,,,,,,,,,,,,,,,,,,,,,,,,,,,,,,,,,,,,,,,,,,,,,,,,,,,,,,,,,,,,,,,,,,,,,,,,,,,,,,,,,,,
blackhole,54.7687769731335,4.084040522370998,2.587699971261615,0.3849027684644122,84072.0,27953.0,0.0,0.0,0.0,0.0,0.0,0.0,3746.0,133.0,0.47494553376906323,0.043572984749455285,27.5,1.5,0.0,0.0,0.0,0.0,1.0,0.0,60.0,0.0,12.5,1.5,0.3125,0.03749999999999998,0.00303120000535273,2.139998832717538e-05,40.0,0.0,x25519,663.0,42.0,0.019772400009969715,0.0011430000013206154,0.001955499987161602,1.1799997082562186e-05,7.578000013381826e-05,5.349997081793831e-07,2.983313394446033e-05,1.658998858924863e-07,200.0,0.0,0.0,0.0,linear,643.9121582031256,41.48149414062527,0.0,0.0,38.0,0.0,517.0,7.0,89.5,59.5,0.4,0.0,40.0,0.0,77.51901791857236,0.43398067833964404,100.0,0.0,200.0,0.0,100.0,0.0,0.0,0.0,12.5,1.5,496260.5,41190.5,644.5,52.5,108.0,35.0,752.5,17.5,0.14468150896722326,0.04987631416202845,0.1601946071881317,0.04264227224449241,A:DRL-EAURP,200.0,0.0,69.5,20.5,683.0,38.0,683.0,38.0,89.5,59.5,20261409.0,500.0,20000.0,0.0,3.3628799999999996,1.11812,2248.0982081427637,43.39806783396466,2,A: DRL-EAURP (paper) | blackhole @ 40%,A: DRL-EAURP (paper),attack,blackhole,40.0,,,,,,,0.5002782931354359,0.054823747680890544,-0.7106369820655536,0.0997526283240569,7.0,0.0,752.5,17.5,3.5,0.5,watchdog_pfr,,,,,,,,,,,,,,,,,,,,,,,,,,,,,,,,,,,,,,,,,,,,,,,,,,,,,,,,,,,,,,,,,,,,,,,,,,,,,,,,,,,,,,,,
blackhole,46.676543103714465,1.112500697763604,1.8139741878059636,0.2812639074321318,51002.5,34348.5,0.0,0.0,0.0,0.0,0.0,0.0,3704.5,176.5,0.38541666666666674,0.05208333333333334,38.0,2.0,0.0,0.0,0.0,0.0,1.0,0.0,50.0,0.0,12.0,2.0,0.24000000000000002,0.04000000000000001,0.0030832999927952187,1.4299990652943961e-05,40.0,0.0,x25519,623.5,73.5,0.0189304999930755,0.0014572000018233666,0.001995699998587952,2.2500002160086296e-05,7.708249981988046e-05,3.574997663235977e-07,3.051014098225788e-05,1.2594953654732767e-06,200.0,0.0,0.0,0.0,linear,509.8095214843754,40.15258789062466,0.0,0.0,40.5,3.5,519.0,34.0,97.0,44.0,0.5,0.0,50.0,0.0,78.88202270051464,0.41576666295161147,100.0,0.0,200.0,0.0,100.0,0.0,0.0,0.0,12.0,2.0,504161.0,10479.0,656.5,13.5,64.0,43.0,720.5,29.5,0.08652870236372406,0.05613796430294259,0.09584844137211425,0.05766662319029607,A:DRL-EAURP,200.0,0.0,52.0,28.0,668.5,1.5,668.5,1.5,97.0,44.0,20261409.0,500.0,20000.0,0.0,2.0401,1.37394,2111.7977299485365,41.57666629516075,2,A: DRL-EAURP (paper) | blackhole @ 50%,A: DRL-EAURP (paper),attack,blackhole,50.0,,,,,,,0.506003859141341,0.03132947419199228,-0.8269425952725519,0.1122759286058852,7.5,0.5,720.5,29.5,4.0,1.0,watchdog_pfr,,,,,,,,,,,,,,,,,,,,,,,,,,,,,,,,,,,,,,,,,,,,,,,,,,,,,,,,,,,,,,,,,,,,,,,,,,,,,,,,,,,,,,,,
grayhole,79.64238053690852,4.294788978499781,6.312604593757845,0.5556386494853984,478111.5,24399.5,0.0,0.0,0.0,0.0,0.0,0.0,2696.0,4.0,0.0,0.0,0.0,0.0,0.0,0.0,0.0,0.0,0.0,0.0,100.0,0.0,0.0,0.0,0.0,0.0,0.0033248000108869746,0.0002193000073020812,40.0,0.0,x25519,768.5,7.5,0.02223580002100789,0.0003922999821952544,0.0021830000059708254,0.0001241000045411056,8.312000027217436e-05,5.482500182552033e-06,2.8941765728102988e-05,7.929254719011408e-07,200.0,0.0,0.0,0.0,linear,2408.2437011718803,136.14760742188014,0.0,0.0,149.5,19.5,0.0,0.0,31.0,7.0,0.0,0.0,0.0,0.0,59.893850203791544,1.3480588208638942,100.0,0.0,200.0,0.0,100.0,0.0,0.0,0.0,0.0,0.0,140490.0,21134.0,180.5,26.5,619.0,27.0,799.5,0.5,0.7742130788485607,0.033286921151439275,0.8051990056491052,0.027275221155018514,A:DRL-EAURP,200.0,0.0,224.5,42.5,575.0,42.0,575.0,42.0,31.0,7.0,20261409.0,500.0,20000.0,0.0,19.12446,0.9759799999999998,4010.614979620846,134.80588208638937,2,A: DRL-EAURP (paper) | grayhole @ 0%,A: DRL-EAURP (paper),attack,grayhole,0.0,,,,,,,0.7767506257822278,0.024250625782227808,0.5484261576971214,0.0665738423028786,5.0,0.0,799.5,0.5,4.0,0.0,watchdog_pfr,,,,,,,,,,,,,,,,,,,,,,,,,,,,,,,,,,,,,,,,,,,,,,,,,,,,,,,,,,,,,,,,,,,,,,,,,,,,,,,,,,,,,,,,
grayhole,76.35094366939579,1.9530453181596101,5.860077582026831,0.2774688863746566,424043.0,20151.0,0.0,0.0,0.0,0.0,0.0,0.0,2700.0,0.0,0.0,0.0,10.0,0.0,0.0,0.0,0.0,0.0,0.0,0.0,90.0,0.0,0.0,0.0,0.0,0.0,0.002948850000393577,0.0001133499936258886,40.0,0.0,x25519,784.5,8.5,0.022964050029258942,0.0016542499979550485,0.0018952499976876425,7.594999442517292e-05,7.372125000983942e-05,2.8337498406472137e-06,2.9252798525388096e-05,1.7917160108212226e-06,200.0,0.0,0.0,0.0,linear,2206.9099609375094,92.64609374999236,0.0,0.0,151.5,15.5,76.5,11.5,15.5,8.5,0.1,0.0,10.0,0.0,61.900700116484124,0.9346915433966743,100.0,0.0,200.0,0.0,100.0,0.0,0.0,0.0,0.0,0.0,195223.0,17550.0,243.5,18.5,556.5,18.5,800.0,0.0,0.6956249999999999,0.023125000000000007,0.7097078496119396,0.031271531831359445,A:DRL-EAURP,200.0,0.0,185.0,31.0,615.0,31.0,615.0,31.0,15.5,8.5,20261409.0,500.0,20000.0,0.0,16.96172,0.8060399999999994,3809.9299883515873,93.46915433966706,2,A: DRL-EAURP (paper) | grayhole @ 10%,A: DRL-EAURP (paper),attack,grayhole,10.0,,,,,,,0.7831250000000001,0.06437500000000002,0.39125,0.04625000000000001,5.0,0.0,800.0,0.0,4.0,0.0,watchdog_pfr,,,,,,,,,,,,,,,,,,,,,,,,,,,,,,,,,,,,,,,,,,,,,,,,,,,,,,,,,,,,,,,,,,,,,,,,,,,,,,,,,,,,,,,,
grayhole,77.1918280601434,4.411593139315123,5.904106485414896,0.5807419994335881,389462.0,17055.0,0.0,0.0,0.0,0.0,0.0,0.0,2699.0,1.0,0.0,0.0,20.0,0.0,0.0,0.0,0.0,0.0,0.0,0.0,80.0,0.0,0.0,0.0,0.0,0.0,0.004269899995051674,0.0013699000028282171,40.0,0.0,x25519,781.0,5.0,0.03711305002980225,0.001553949967274093,0.002505000004020985,0.0006719999983033631,0.00010674749987629183,3.424750007070543e-05,4.753459678246887e-05,2.2940114611862197e-06,200.0,0.0,0.0,0.0,linear,2125.3944824218765,169.05786132811943,0.0,0.0,149.5,17.5,116.5,7.5,17.5,6.5,0.2,0.0,20.0,0.0,62.72716617452282,1.6920990488283287,100.0,0.0,200.0,0.0,100.0,0.0,0.0,0.0,0.0,0.0,228715.0,13365.0,283.5,18.5,515.0,20.0,798.5,1.5,0.6449145232120451,0.023835476787954835,0.6596019910285669,0.029830998662154717,A:DRL-EAURP,200.0,0.0,157.5,40.5,641.0,39.0,641.0,39.0,17.5,6.5,20261409.0,500.0,20000.0,0.0,15.57848,0.6821999999999999,3727.2833825477187,169.2099048828327,2,A: DRL-EAURP (paper) | grayhole @ 20%,A: DRL-EAURP (paper),attack,grayhole,20.0,,,,,,,0.7552768193224593,0.05902681932245918,0.28982904642409035,0.04767095357590967,5.0,0.0,798.5,1.5,4.0,0.0,watchdog_pfr,,,,,,,,,,,,,,,,,,,,,,,,,,,,,,,,,,,,,,,,,,,,,,,,,,,,,,,,,,,,,,,,,,,,,,,,,,,,,,,,,,,,,,,,
grayhole,76.28026596547629,4.78007309512148,5.845005252749969,0.6765464713879616,385401.0,40854.0,0.0,0.0,0.0,0.0,0.0,0.0,2699.5,0.5,0.0,0.0,30.0,0.0,0.0,0.0,0.0,0.0,0.0,0.0,70.0,0.0,0.0,0.0,0.0,0.0,0.006775900010325131,0.0002611999971122714,40.0,0.0,x25519,776.5,0.5,0.04663819999586849,0.0011809000225184718,0.003924150003513205,0.00020864999714831356,0.00016939750025812828,6.529999927806779e-06,6.0061119038962674e-05,1.4821242279446125e-06,200.0,0.0,0.0,0.0,linear,2084.1553222656203,196.7509277343629,0.0,0.0,123.0,23.0,142.5,24.5,23.0,1.0,0.3,0.0,30.0,0.0,63.132535006381495,1.9560519345460463,100.0,0.0,200.0,0.0,100.0,0.0,0.0,0.0,0.0,0.0,233439.5,37827.5,288.5,46.5,511.0,47.0,799.5,0.5,0.6391129536921152,0.05838704630788488,0.6581203810585254,0.060951783889928224,A:DRL-EAURP,200.0,0.0,174.0,35.0,625.5,34.5,625.5,34.5,23.0,1.0,20261409.0,500.0,20000.0,0.0,15.416039999999999,1.6341600000000005,3686.7464993618514,195.60519345460466,2,A: DRL-EAURP (paper) | grayhole @ 30%,A: DRL-EAURP (paper),attack,grayhole,30.0,,,,,,,0.770389549436796,0.147110450563204,0.2782259073842303,0.11677409261576972,4.5,0.5,799.5,0.5,3.5,0.5,watchdog_pfr,,,,,,,,,,,,,,,,,,,,,,,,,,,,,,,,,,,,,,,,,,,,,,,,,,,,,,,,,,,,,,,,,,,,,,,,,,,,,,,,,,,,,,,,
grayhole,75.19001016937878,2.882652111890053,5.658331644650961,0.41616045467183804,342146.0,16474.0,0.0,0.0,0.0,0.0,0.0,0.0,2743.0,43.0,0.02439024390243903,0.02439024390243903,39.5,0.5,0.0,0.0,0.0,0.0,0.5,0.5,60.0,0.0,0.5,0.5,0.0125,0.0125,0.006671350001852261,7.464998998329975e-05,40.0,0.0,x25519,784.5,8.5,0.0463460498922359,0.0008390499660890782,0.003601500004151603,1.0000003385357559e-06,0.00016678375004630652,1.8662497495825045e-06,5.909570869003721e-05,1.7098323645052833e-06,200.0,0.0,0.0,0.0,linear,1982.7958007812422,165.66621093748006,0.0,0.0,133.0,1.0,190.5,25.5,15.5,8.5,0.4,0.0,40.0,0.0,64.13142617630837,1.6811357121440516,100.0,0.0,200.0,0.0,100.0,0.0,0.0,0.0,0.5,0.5,277120.0,13873.0,339.0,18.0,461.0,18.0,800.0,0.0,0.5762499999999999,0.02250000000000002,0.5879530622326803,0.02931497900443314,A:DRL-EAURP,200.0,0.0,147.5,26.5,652.5,26.5,652.5,26.5,15.5,8.5,20261409.0,500.0,20000.0,0.0,13.685839999999999,0.6589599999999995,3586.8573823691627,168.1135712144055,2,A: DRL-EAURP (paper) | grayhole @ 40%,A: DRL-EAURP (paper),attack,grayhole,40.0,,,,,,,0.703125,0.13187499999999996,0.1525,0.045000000000000005,6.0,0.0,800.0,0.0,4.5,0.5,watchdog_pfr,,,,,,,,,,,,,,,,,,,,,,,,,,,,,,,,,,,,,,,,,,,,,,,,,,,,,,,,,,,,,,,,,,,,,,,,,,,,,,,,,,,,,,,,
grayhole,74.72568704019284,5.6921463416263265,5.6839560898881345,0.7669255222025453,315136.0,27190.0,0.0,0.0,0.0,0.0,0.0,0.0,2700.0,0.0,0.0,0.0,50.0,0.0,0.0,0.0,0.0,0.0,0.0,0.0,50.0,0.0,0.0,0.0,0.0,0.0,0.005935349987339578,0.0005808500081911916,40.0,0.0,x25519,784.5,8.5,0.04804979999062198,0.006532900051752222,0.003224149992092862,0.00031084998954611365,0.00014838374968348942,1.4521250204779792e-05,6.116590144791904e-05,7.664741732880702e-06,200.0,0.0,0.0,0.0,linear,1895.2041992187455,178.34687499998847,0.0,0.0,137.0,22.0,220.0,17.0,15.5,8.5,0.5,0.0,50.0,0.0,65.02037237654554,1.7994803758579465,100.0,0.0,200.0,0.0,100.0,0.0,0.0,0.0,0.0,0.0,304130.0,24589.0,372.5,30.5,427.5,30.5,800.0,0.0,0.534375,0.03812499999999999,0.545418351295485,0.04478783427152533,A:DRL-EAURP,200.0,0.0,138.0,16.0,662.0,16.0,662.0,16.0,15.5,8.5,20261409.0,500.0,20000.0,0.0,12.60544,1.0876000000000001,3497.9627623454453,179.9480375857945,2,A: DRL-EAURP (paper) | grayhole @ 50%,A: DRL-EAURP (paper),attack,grayhole,50.0,,,,,,,0.780625,0.07437499999999997,0.06874999999999999,0.07625,5.5,0.5,800.0,0.0,3.0,0.0,watchdog_pfr,,,,,,,,,,,,,,,,,,,,,,,,,,,,,,,,,,,,,,,,,,,,,,,,,,,,,,,,,,,,,,,,,,,,,,,,,,,,,,,,,,,,,,,,
trust_poisoning,79.64238053690852,4.294788978499781,6.312604593757845,0.5556386494853984,478111.5,24399.5,0.0,0.0,0.0,0.0,0.0,0.0,2696.0,4.0,0.0,0.0,0.0,0.0,0.0,0.0,0.0,0.0,0.0,0.0,100.0,0.0,0.0,0.0,0.0,0.0,0.006326549997538677,0.00021934999131190125,40.0,0.0,x25519,768.5,7.5,0.045693300000493764,0.0016836000049806898,0.0036004500161652686,0.0002486500034137862,0.00015816374993846694,5.483749782797537e-06,5.9442056115701845e-05,1.6106500769198797e-06,200.0,0.0,0.0,0.0,linear,2408.2437011718803,136.14760742188014,0.0,0.0,149.5,19.5,0.0,0.0,31.0,7.0,0.0,0.0,0.0,0.0,59.893850203791544,1.3480588208638942,100.0,0.0,200.0,0.0,100.0,0.0,0.0,0.0,0.0,0.0,140490.0,21134.0,180.5,26.5,619.0,27.0,799.5,0.5,0.7742130788485607,0.033286921151439275,0.8051990056491052,0.027275221155018514,A:DRL-EAURP,200.0,0.0,224.5,42.5,575.0,42.0,575.0,42.0,31.0,7.0,20261409.0,500.0,20000.0,0.0,19.12446,0.9759799999999998,4010.614979620846,134.80588208638937,2,A: DRL-EAURP (paper) | trust_poisoning @ 0%,A: DRL-EAURP (paper),attack,trust_poisoning,0.0,,,,,,,0.7767506257822278,0.024250625782227808,0.5484261576971214,0.0665738423028786,5.0,0.0,799.5,0.5,4.0,0.0,watchdog_pfr,,,,,,,,,,,,,,,,,,,,,,,,,,,,,,,,,,,,,,,,,,,,,,,,,,,,,,,,,,,,,,,,,,,,,,,,,,,,,,,,,,,,,,,,
trust_poisoning,76.91382868282108,2.51593033158489,5.951067661435554,0.3684589657833808,414204.5,29989.5,0.0,0.0,0.0,0.0,0.0,0.0,2874.5,174.5,0.0,0.0,10.0,0.0,2.0,2.0,0.022222222222222223,0.022222222222222223,0.0,0.0,88.0,2.0,0.0,0.0,0.0,0.0,0.006715249997796491,0.0005792499941890128,40.0,0.0,x25519,774.5,1.5,0.048238949975711876,0.001909250060634804,0.0038074499880167423,0.0002720499960560119,0.00016788124994491228,1.4481249854725314e-05,6.227944892889181e-05,2.3445201901116414e-06,200.0,0.0,0.0,0.0,linear,2229.983642578134,115.71977539061731,0.0,0.0,153.5,17.5,80.0,15.0,20.5,3.5,0.1,0.0,10.0,0.0,61.67836520109528,1.1570264587855164,100.0,0.0,200.0,0.0,100.0,0.0,0.0,0.0,2.0,2.0,202431.5,24758.5,254.0,29.0,541.0,34.0,795.0,5.0,0.680261075949367,0.03848892405063292,0.6984327696349741,0.04254661180832481,A:DRL-EAURP,200.0,0.0,165.0,51.0,630.0,46.0,630.0,46.0,20.5,3.5,20261409.0,500.0,20000.0,0.0,16.568179999999998,1.1995799999999992,3832.1634798904724,115.7026458785524,2,A: DRL-EAURP (paper) | trust_poisoning @ 10%,A: DRL-EAURP (paper),attack,trust_poisoning,10.0,,,,,,,0.7777294303797468,0.058979430379746844,0.36052215189873416,0.07697784810126582,5.0,0.0,795.0,5.0,4.0,0.0,watchdog_pfr,,,,,,,,,,,,,,,,,,,,,,,,,,,,,,,,,,,,,,,,,,,,,,,,,,,,,,,,,,,,,,,,,,,,,,,,,,,,,,,,,,,,,,,,
trust_poisoning,76.77254738864661,2.6563840242901193,5.908893280632411,0.39110671936758873,367584.5,18813.5,0.0,0.0,0.0,0.0,0.0,0.0,3046.0,86.0,0.0,0.0,20.0,0.0,4.0,1.0,0.05,0.0125,0.0,0.0,76.0,1.0,0.0,0.0,0.0,0.0,0.006490149997262051,0.00035074999686912633,40.0,0.0,x25519,728.5,2.5,0.044686849954814534,0.0007663499727641465,0.0036972500001866138,0.0005384500018408289,0.00016225374993155127,8.768749921728158e-06,6.134523835610358e-05,1.2624750427651436e-06,200.0,0.0,0.0,0.0,linear,2037.007519531253,140.11347656249347,0.0,0.0,138.5,21.5,107.0,4.0,38.0,15.0,0.2,0.0,20.0,0.0,63.600541202170675,1.4038307017733338,100.0,0.0,200.0,0.0,100.0,0.0,0.0,0.0,4.0,1.0,225512.0,30443.0,283.5,40.5,483.0,23.0,766.5,17.5,0.6311510585542628,0.044416364676711784,0.6631223313849853,0.033847365584711686,A:DRL-EAURP,200.0,0.0,156.0,37.0,610.5,54.5,610.5,54.5,38.0,15.0,20261409.0,500.0,20000.0,0.0,14.70338,0.7525400000000007,3639.945879782933,140.38307017733428,2,A: DRL-EAURP (paper) | trust_poisoning @ 20%,A: DRL-EAURP (paper),attack,trust_poisoning,20.0,,,,,,,0.7888553786000381,0.10527727446118634,0.26230211710852563,0.08883272935342361,4.5,0.5,766.5,17.5,3.5,0.5,watchdog_pfr,,,,,,,,,,,,,,,,,,,,,,,,,,,,,,,,,,,,,,,,,,,,,,,,,,,,,,,,,,,,,,,,,,,,,,,,,,,,,,,,,,,,,,,,
trust_poisoning,76.95143553665332,3.874726985899194,5.96248001598721,0.4763689048760993,347259.0,35543.0,0.0,0.0,0.0,0.0,0.0,0.0,3217.5,78.5,0.0,0.0,30.0,0.0,6.0,1.0,0.08571428571428572,0.01428571428571429,0.0,0.0,64.0,1.0,0.0,0.0,0.0,0.0,0.006139350010926137,0.0002521499991416931,40.0,0.0,x25519,702.5,35.5,0.04283620000751398,0.0021415999963210197,0.00343770000472432,0.0001962000060302671,0.0001534837502731534,6.303749978542333e-06,6.0978461390055324e-05,3.293292957429729e-08,200.0,0.0,0.0,0.0,linear,1867.221289062495,12.068847656248408,0.0,0.0,125.0,13.0,117.0,5.0,61.5,38.5,0.3,0.0,30.0,0.0,65.3009346994127,0.11102727457008399,100.0,0.0,200.0,0.0,100.0,0.0,0.0,0.0,6.0,1.0,242433.0,36554.0,303.5,46.5,460.5,43.5,764.0,3.0,0.6029815637490641,0.059304901428334056,0.6540571177825721,0.028869711485720595,A:DRL-EAURP,200.0,0.0,153.0,13.0,611.0,16.0,611.0,16.0,61.5,38.5,20261409.0,500.0,20000.0,0.0,13.890360000000001,1.4217199999999997,3469.9065300587313,11.102727457008314,2,A: DRL-EAURP (paper) | trust_poisoning @ 30%,A: DRL-EAURP (paper),attack,trust_poisoning,30.0,,,,,,,0.6075610729723293,0.22555325028654055,0.20596312749812828,0.11860980285666806,4.0,0.0,764.0,3.0,3.0,1.0,watchdog_pfr,,,,,,,,,,,,,,,,,,,,,,,,,,,,,,,,,,,,,,,,,,,,,,,,,,,,,,,,,,,,,,,,,,,,,,,,,,,,,,,,,,,,,,,,
trust_poisoning,75.23147515889633,0.7097533897862363,5.6906158045119195,0.0956437374728134,278401.5,14110.5,0.0,0.0,0.0,0.0,0.0,0.0,3792.5,179.5,0.01785714285714286,0.01785714285714286,39.5,0.5,13.0,2.0,0.21666666666666667,0.03333333333333334,0.03125,0.03125,47.0,2.0,0.5,0.5,0.0125,0.0125,0.006509000008009025,0.000279800007774611,40.0,0.0,x25519,630.0,40.0,0.040082050019918825,0.003298949990494293,0.0035751000032178126,6.189998384797946e-05,0.00016272500020022564,6.995000194365272e-06,6.354599927378975e-05,1.2017619357820636e-06,200.0,0.0,0.0,0.0,linear,1594.0042480468694,114.39907226563196,0.0,0.0,101.0,9.0,153.5,13.5,85.0,37.0,0.4,0.0,40.0,0.0,68.02505616497868,1.1460620471631344,100.0,0.0,200.0,0.0,100.0,0.0,0.0,0.0,13.5,2.5,275307.5,10936.5,339.5,14.5,375.5,17.5,715.0,3.0,0.5250813746048637,0.022272385840818754,0.5966734125980269,0.010106248418922326,A:DRL-EAURP,200.0,0.0,120.0,25.0,595.0,22.0,595.0,22.0,85.0,37.0,20261409.0,500.0,20000.0,0.0,11.13606,0.5644200000000001,3197.4943835021313,114.60620471631319,2,A: DRL-EAURP (paper) | trust_poisoning @ 40%,A: DRL-EAURP (paper),attack,trust_poisoning,40.0,,,,,,,0.6090008919908609,0.1452125911552064,0.050162749209727395,0.04454477168163751,5.5,0.5,715.0,3.0,4.5,0.5,watchdog_pfr,,,,,,,,,,,,,,,,,,,,,,,,,,,,,,,,,,,,,,,,,,,,,,,,,,,,,,,,,,,,,,,,,,,,,,,,,,,,,,,,,,,,,,,,
trust_poisoning,74.67676537330084,3.7395659176543603,5.662139406487233,0.5292891649413387,279732.5,26551.5,0.0,0.0,0.0,0.0,0.0,0.0,3933.0,165.0,0.0,0.0,50.0,0.0,15.0,2.0,0.30000000000000004,0.04000000000000001,0.0,0.0,35.0,2.0,0.0,0.0,0.0,0.0,0.006482349999714643,0.0002425499951641541,40.0,0.0,x25519,699.5,31.5,0.042613699995854404,0.0008559000270906836,0.003644149994215695,9.635000606067479e-05,0.00016205874999286607,6.0637498791038524e-06,6.0988806851918875e-05,1.5228697480268207e-06,200.0,0.0,0.0,0.0,linear,1647.520068359372,12.16831054687259,0.0,0.0,115.0,12.0,202.5,11.5,66.5,32.5,0.5,0.0,50.0,0.0,67.48828637952217,0.1282688699041472,100.0,0.0,200.0,0.0,100.0,0.0,0.0,0.0,15.0,2.0,311784.5,23787.5,384.0,33.0,382.0,32.0,766.0,1.0,0.49874990413375253,0.0424265664544827,0.5451497825143148,0.02119768670593153,A:DRL-EAURP,200.0,0.0,119.5,21.5,646.5,22.5,646.5,22.5,66.5,32.5,20261409.0,500.0,20000.0,0.0,11.1893,1.0620599999999998,3251.171362047785,12.82688699041455,2,A: DRL-EAURP (paper) | trust_poisoning @ 50%,A: DRL-EAURP (paper),attack,trust_poisoning,50.0,,,,,,,0.7128631200415847,0.053149951853840194,-0.0025001917324948206,0.0848531329089654,5.0,0.0,766.0,1.0,3.5,0.5,watchdog_pfr,,,,,,,,,,,,,,,,,,,,,,,,,,,,,,,,,,,,,,,,,,,,,,,,,,,,,,,,,,,,,,,,,,,,,,,,,,,,,,,,,,,,,,,,
blackhole,79.15666683687755,1.8102198031222727,6.257053151598119,0.2712487351943338,469647.0,21547.0,0.0,0.0,0.0,0.0,0.0,0.0,2695.0,4.0,0.0,0.0,0.0,0.0,0.0,0.0,0.0,0.0,0.0,0.0,100.0,0.0,0.0,0.0,0.0,0.0,0.006097699990277761,0.00013160000344214495,40.0,0.0,x25519,771.0,5.0,0.04428725000798295,0.0019733500321308384,0.003541000001860084,0.00017639999714447185,0.00015244249975694403,3.290000086053632e-06,5.742712680344102e-05,2.187048505983963e-06,200.0,0.0,0.0,0.0,linear,2415.4087890625005,83.1379882812455,0.0,0.0,162.5,20.5,0.0,0.0,26.0,2.0,0.0,0.0,0.0,0.0,59.82487276644126,0.8241111994096464,100.0,0.0,200.0,0.0,100.0,0.0,0.0,0.0,0.0,0.0,146726.5,16053.5,188.5,22.5,608.5,25.5,797.0,3.0,0.7633784634760705,0.02912153652392946,0.7890534575112379,0.0279568517671126,B:DRL-EAURP(senior),200.0,0.0,215.5,41.5,581.5,38.5,581.5,38.5,26.0,2.0,20261409.0,500.0,20000.0,0.0,18.78588,0.8618800000000011,4017.5127233558733,82.41111994096559,2,B: DRL-EAURP (senior code) | blackhole @ 0%,B: DRL-EAURP (senior code),attack,blackhole,0.0,,,,,,,0.7722544080604534,0.16225440806045338,0.526756926952141,0.05824307304785892,7.5,0.5,797.0,3.0,5.0,0.0,endpoint_counters,0.7442795937068009,0.013852970240798568,0.0,0.0,1.0,0.0,,,,,,,,,,,,,,,,,,,,,,,,,,,,,,,,,,,,,,,,,,,,,,,,,,,,,,,,,,,,,,,,,,,,,,,,,,,,,,,,,,
blackhole,70.06651031831271,4.4357644663075675,4.913491234444545,0.6978949041693161,244164.0,74099.0,0.0,0.0,0.0,0.0,0.0,0.0,3270.0,82.0,0.0,0.0,10.0,0.0,0.0,0.0,0.0,0.0,0.0,0.0,90.0,0.0,0.0,0.0,0.0,0.0,0.006388049994711764,0.0007347500031755771,40.0,0.0,x25519,606.5,114.5,0.03809154995360586,0.0071237499669223325,0.0035684999984368915,0.0004124999995838152,0.0001597012498677941,1.8368750079389426e-05,6.282730533374307e-05,1.1537756602019827e-07,200.0,0.0,0.0,0.0,linear,1331.44375,431.0947265625013,0.0,0.0,88.5,28.5,207.0,7.0,141.5,117.5,0.1,0.0,10.0,0.0,70.65663733024499,4.315389118139542,100.0,0.0,200.0,0.0,100.0,0.0,0.0,0.0,7.0,1.0,336356.5,74204.5,437.0,96.0,311.0,93.0,748.0,3.0,0.41628075317920626,0.12600112601542462,0.5017111509533958,0.058621720059086835,B:DRL-EAURP(senior),200.0,0.0,135.0,37.0,613.0,40.0,613.0,40.0,141.5,117.5,20261409.0,500.0,20000.0,0.0,9.76656,2.96396,2934.3362669755006,431.538911813954,2,B: DRL-EAURP (senior code) | blackhole @ 10%,B: DRL-EAURP (senior code),attack,blackhole,10.0,,,,,,,0.6412434427474776,0.05003172503775727,-0.16743849364158753,0.25200225203084925,7.0,0.0,748.0,3.0,3.5,0.5,endpoint_counters,0.7361504963462521,0.01368538731362845,-0.030166910645364673,0.030552474735596306,0.9004159206652431,3.6943643756226496e-05,,,,,,,,,,,,,,,,,,,,,,,,,,,,,,,,,,,,,,,,,,,,,,,,,,,,,,,,,,,,,,,,,,,,,,,,,,,,,,,,,,
blackhole,61.65679367606103,0.5240689992009138,3.76279602750191,0.0355233002291826,136905.0,44099.0,0.0,0.0,0.0,0.0,0.0,0.0,3516.0,162.0,0.0,0.0,20.0,0.0,0.0,0.0,0.0,0.0,0.0,0.0,80.0,0.0,0.0,0.0,0.0,0.0,0.006420350007829256,2.6550005713943392e-05,40.0,0.0,x25519,641.5,4.5,0.04026544998305326,0.0006782500549888937,0.003519050003887969,2.8549997296067886e-05,0.0001605087501957314,6.637501428485848e-07,6.277815974011334e-05,1.4976644954316502e-06,200.0,0.0,0.0,0.0,linear,1033.762597656249,1.8368164062500227,0.0,0.0,74.0,9.0,392.5,60.5,108.0,42.0,0.2,0.0,20.0,0.0,73.63420527289355,0.004744927171934421,100.0,0.0,200.0,0.0,100.0,0.0,0.0,0.0,10.0,2.0,443094.5,70966.5,574.5,93.5,175.0,56.0,749.5,37.5,0.23782265893808088,0.08661554330911012,0.27219916306603614,0.08538597625284933,B:DRL-EAURP(senior),200.0,0.0,89.5,26.5,660.0,64.0,660.0,64.0,108.0,42.0,20261409.0,500.0,20000.0,0.0,5.4762,1.7639600000000002,2636.5794727106445,0.4744927171936979,2,B: DRL-EAURP (senior code) | blackhole @ 20%,B: DRL-EAURP (senior code),attack,blackhole,20.0,,,,,,,0.5134917122339134,0.03034564481818311,-0.5243546821238383,0.17323108661822023,6.5,0.5,749.5,37.5,3.5,1.5,endpoint_counters,0.7399299443415928,0.01355335767974769,-0.022016189023058075,0.12273115445546892,0.807197990760621,0.004826195174705561,,,,,,,,,,,,,,,,,,,,,,,,,,,,,,,,,,,,,,,,,,,,,,,,,,,,,,,,,,,,,,,,,,,,,,,,,,,,,,,,,,
blackhole,56.347522727097434,1.1278176942177254,3.0135778275475924,0.06620940649496099,117079.5,29276.5,0.0,0.0,0.0,0.0,0.0,0.0,3594.0,124.0,0.0,0.0,30.0,0.0,0.0,0.0,0.0,0.0,0.0,0.0,70.0,0.0,0.0,0.0,0.0,0.0,0.006179199996040552,8.299999535665847e-06,40.0,0.0,x25519,674.5,44.5,0.040939849974165554,0.001790249943951494,0.003622449990871246,1.355000313196797e-05,0.0001544799999010138,2.074999883916516e-07,6.078606239942783e-05,1.3561598707532174e-06,200.0,0.0,0.0,0.0,linear,897.4874999999995,107.83964843749976,0.0,0.0,57.0,3.0,466.5,4.5,79.0,57.0,0.3,0.0,30.0,0.0,74.98942460036702,1.0953443593446224,100.0,0.0,200.0,0.0,100.0,0.0,0.0,0.0,10.5,1.5,464320.5,36826.5,602.5,49.5,151.0,37.0,753.5,12.5,0.2012681331768868,0.052443067902735355,0.22121332538578714,0.04026094443340618,B:DRL-EAURP(senior),200.0,0.0,91.0,31.0,662.5,43.5,662.5,43.5,79.0,57.0,20261409.0,500.0,20000.0,0.0,4.68318,1.17106,2501.0575399632994,109.53443593446218,2,B: DRL-EAURP (senior code) | blackhole @ 30%,B: DRL-EAURP (senior code),attack,blackhole,30.0,,,,,,,0.5545889225977174,0.009379745809593276,-0.5974637336462264,0.10488613580547068,6.0,1.0,753.5,12.5,5.0,1.0,endpoint_counters,0.7431756992242513,0.014424447697973797,-0.05777443050103995,0.04972256971692911,0.7136750731702225,0.0019850335616120596,,,,,,,,,,,,,,,,,,,,,,,,,,,,,,,,,,,,,,,,,,,,,,,,,,,,,,,,,,,,,,,,,,,,,,,,,,,,,,,,,,
blackhole,52.74942257240508,2.5408760594923727,2.4928383862497014,0.42241585103843393,78433.0,32722.0,0.0,0.0,0.0,0.0,0.0,0.0,3655.0,127.0,0.0,0.0,40.0,0.0,0.0,0.0,0.0,0.0,0.0,0.0,60.0,0.0,0.0,0.0,0.0,0.0,0.006218200009243446,0.0002465999987180112,40.0,0.0,x25519,643.5,30.5,0.0385739499815827,0.001784350015441305,0.0036414000005606795,0.00018119998458132613,0.00015545500023108615,6.164999967950285e-06,5.99472220041473e-05,6.843862577340788e-08,200.0,0.0,0.0,0.0,linear,637.1814941406253,20.3666503906245,0.0,0.0,47.0,5.0,496.0,6.0,98.0,60.0,0.4,0.0,40.0,0.0,77.6025129311032,0.2244713699641565,100.0,0.0,200.0,0.0,100.0,0.0,0.0,0.0,11.5,1.5,493061.0,55808.0,641.0,71.0,100.5,41.5,741.5,29.5,0.13798109852956178,0.06145710371762922,0.15346522671494475,0.05721726586665763,B:DRL-EAURP(senior),200.0,0.0,61.5,19.5,680.0,49.0,680.0,49.0,98.0,60.0,20261409.0,500.0,20000.0,0.0,3.13732,1.30888,2239.748706889679,22.44713699641602,2,B: DRL-EAURP (senior code) | blackhole @ 40%,B: DRL-EAURP (senior code),attack,blackhole,40.0,,,,,,,0.4748211136857139,0.0027069762019265864,-0.7240378029408765,0.12291420743525844,5.5,0.5,741.5,29.5,3.5,1.5,endpoint_counters,0.7399509197377387,0.01590416190749394,0.04295541203703976,0.07194500502791326,0.6391072867348472,0.016528434412545145,,,,,,,,,,,,,,,,,,,,,,,,,,,,,,,,,,,,,,,,,,,,,,,,,,,,,,,,,,,,,,,,,,,,,,,,,,,,,,,,,,
blackhole,47.723096669054996,1.6808269497754011,1.757137560252132,0.3807934742306265,48527.5,25309.5,0.0,0.0,0.0,0.0,0.0,0.0,3706.0,18.0,0.0,0.0,50.0,0.0,0.0,0.0,0.0,0.0,0.0,0.0,50.0,0.0,0.0,0.0,0.0,0.0,0.006504399991172249,1.6399988453486003e-05,40.0,0.0,x25519,638.0,70.0,0.03972629996133037,0.0034989999803656247,0.0037836000101378886,6.0000011217198335e-05,0.00016260999977930625,4.099997113371528e-07,6.241657062321751e-05,1.363887089748589e-06,200.0,0.0,0.0,0.0,linear,518.1004882812504,38.60458984375029,0.0,0.0,36.0,4.0,541.0,34.0,84.0,60.0,0.5,0.0,50.0,0.0,78.78957600530305,0.40337773974166424,100.0,0.0,200.0,0.0,100.0,0.0,0.0,0.0,12.0,0.0,508185.5,15176.5,661.0,22.0,61.0,32.0,722.0,10.0,0.08388975870326026,0.043159421624608584,0.09120613511577944,0.04014979708761041,B:DRL-EAURP(senior),200.0,0.0,49.0,14.0,673.0,4.0,673.0,4.0,84.0,60.0,20261409.0,500.0,20000.0,0.0,1.9411,1.0123799999999998,2121.042399469695,40.33777397416566,2,B: DRL-EAURP (senior code) | blackhole @ 50%,B: DRL-EAURP (senior code),attack,blackhole,50.0,,,,,,,0.4924978510468472,0.04165515441763368,-0.8322204825934795,0.08631884324921713,5.5,0.5,722.0,10.0,1.5,1.5,endpoint_counters,0.7425032445914785,0.013497066208835673,0.10912208035731978,0.03975204065952996,0.5593749894858442,0.003799566357411688,,,,,,,,,,,,,,,,,,,,,,,,,,,,,,,,,,,,,,,,,,,,,,,,,,,,,,,,,,,,,,,,,,,,,,,,,,,,,,,,,,
grayhole,79.15666683687755,1.8102198031222727,6.257053151598119,0.2712487351943338,469647.0,21547.0,0.0,0.0,0.0,0.0,0.0,0.0,2695.0,4.0,0.0,0.0,0.0,0.0,0.0,0.0,0.0,0.0,0.0,0.0,100.0,0.0,0.0,0.0,0.0,0.0,0.006062649996238179,2.85500045720255e-05,40.0,0.0,x25519,771.0,5.0,0.04518059993824863,0.00037090000296302605,0.0034287500093341805,0.00010054999074782245,0.00015156624990595444,7.137501143006348e-07,5.8599344654879546e-05,1.0104186730042639e-07,200.0,0.0,0.0,0.0,linear,2415.4087890625005,83.1379882812455,0.0,0.0,162.5,20.5,0.0,0.0,26.0,2.0,0.0,0.0,0.0,0.0,59.82487276644126,0.8241111994096464,100.0,0.0,200.0,0.0,100.0,0.0,0.0,0.0,0.0,0.0,146726.5,16053.5,188.5,22.5,608.5,25.5,797.0,3.0,0.7633784634760705,0.02912153652392946,0.7890534575112379,0.0279568517671126,B:DRL-EAURP(senior),200.0,0.0,215.5,41.5,581.5,38.5,581.5,38.5,26.0,2.0,20261409.0,500.0,20000.0,0.0,18.78588,0.8618800000000011,4017.5127233558733,82.41111994096559,2,B: DRL-EAURP (senior code) | grayhole @ 0%,B: DRL-EAURP (senior code),attack,grayhole,0.0,,,,,,,0.7722544080604534,0.16225440806045338,0.526756926952141,0.05824307304785892,7.5,0.5,797.0,3.0,5.0,0.0,endpoint_counters,0.7442795937068009,0.013852970240798568,0.0,0.0,1.0,0.0,,,,,,,,,,,,,,,,,,,,,,,,,,,,,,,,,,,,,,,,,,,,,,,,,,,,,,,,,,,,,,,,,,,,,,,,,,,,,,,,,,
grayhole,77.449318929686,1.820751803668891,5.94425477672179,0.2302292758110429,412193.5,7097.5,0.0,0.0,0.0,0.0,0.0,0.0,2700.0,0.0,0.0,0.0,10.0,0.0,0.0,0.0,0.0,0.0,0.0,0.0,90.0,0.0,0.0,0.0,0.0,0.0,0.0061773999987053685,0.0003645999931904953,40.0,0.0,x25519,782.5,6.5,0.04593409999870346,0.0003472999778750818,0.003442950002863654,0.00014325000120152254,0.0001544349999676342,9.11499982976238e-06,5.8702088966735374e-05,4.378734876511021e-08,200.0,0.0,0.0,0.0,linear,2242.1656250000087,107.75214843749177,0.0,0.0,156.5,0.5,85.0,14.0,17.5,6.5,0.1,0.0,10.0,0.0,61.55643209693588,1.0705882552401889,100.0,0.0,200.0,0.0,100.0,0.0,0.0,0.0,0.0,0.0,207072.5,4496.5,259.0,8.0,541.0,8.0,800.0,0.0,0.67625,0.010000000000000009,0.6915064416656866,0.01596778513843705,B:DRL-EAURP(senior),200.0,0.0,185.0,35.0,615.0,35.0,615.0,35.0,17.5,6.5,20261409.0,500.0,20000.0,0.0,16.487740000000002,0.28390000000000093,3844.3567903064118,107.05882552401954,2,B: DRL-EAURP (senior code) | grayhole @ 10%,B: DRL-EAURP (senior code),attack,grayhole,10.0,,,,,,,0.694375,0.23062500000000002,0.35250000000000004,0.01999999999999999,7.5,0.5,800.0,0.0,5.5,0.5,endpoint_counters,0.744266424001714,0.01383980053571171,-0.020402698632258933,0.05984645418067458,0.9855518571237243,0.001957092813554717,,,,,,,,,,,,,,,,,,,,,,,,,,,,,,,,,,,,,,,,,,,,,,,,,,,,,,,,,,,,,,,,,,,,,,,,,,,,,,,,,,
grayhole,76.19755775576252,5.01949340152391,5.8474446987032795,0.7315026697177727,382457.5,38228.5,0.0,0.0,0.0,0.0,0.0,0.0,2699.5,0.5,0.0,0.0,20.0,0.0,0.0,0.0,0.0,0.0,0.0,0.0,80.0,0.0,0.0,0.0,0.0,0.0,0.006357149994073552,0.00027574998421187047,40.0,0.0,x25519,784.5,8.5,0.04513834998397215,0.0018326499903196236,0.00365719998262648,8.979999438452069e-05,0.0001589287498518388,6.89374960529677e-06,5.751917232860408e-05,1.7128579037941235e-06,200.0,0.0,0.0,0.0,linear,2131.9487792968803,243.78491210937113,0.0,0.0,156.5,32.5,124.0,24.0,15.5,8.5,0.2,0.0,20.0,0.0,62.66761442059985,2.433046338328012,100.0,0.0,200.0,0.0,100.0,0.0,0.0,0.0,0.0,0.0,236808.5,35627.5,296.0,48.0,504.0,48.0,800.0,0.0,0.6299999999999999,0.06,0.6431858660183825,0.06815434016718452,B:DRL-EAURP(senior),200.0,0.0,170.5,40.5,629.5,40.5,629.5,40.5,15.5,8.5,20261409.0,500.0,20000.0,0.0,15.2983,1.52914,3733.238557940016,243.30463383280085,2,B: DRL-EAURP (senior code) | grayhole @ 20%,B: DRL-EAURP (senior code),attack,grayhole,20.0,,,,,,,0.78375,0.09625,0.26,0.12,7.0,0.0,800.0,0.0,5.0,1.0,endpoint_counters,0.744266424001714,0.01383980053571171,-0.09379869878045223,0.027270903852911713,0.9711154501540096,0.001483390523007666,,,,,,,,,,,,,,,,,,,,,,,,,,,,,,,,,,,,,,,,,,,,,,,,,,,,,,,,,,,,,,,,,,,,,,,,,,,,,,,,,,
grayhole,74.8416785916267,3.1483769183687755,5.598495027133894,0.4896770158768584,374621.0,26800.0,0.0,0.0,0.0,0.0,0.0,0.0,2699.5,0.5,0.0,0.0,30.0,0.0,0.0,0.0,0.0,0.0,0.0,0.0,70.0,0.0,0.0,0.0,0.0,0.0,0.006256650005525444,0.00038985000719549134,40.0,0.0,x25519,780.5,4.5,0.04364854996492795,0.00024084999859042,0.003509999996822444,0.00018599999566504266,0.0001564162501381361,9.746250179887275e-06,5.592746909288188e-05,6.310360147448917e-07,200.0,0.0,0.0,0.0,linear,2001.5922363281238,163.3949707031161,0.0,0.0,137.5,18.5,144.0,20.0,19.5,4.5,0.3,0.0,30.0,0.0,63.97513577871724,1.640417233621399,100.0,0.0,200.0,0.0,100.0,0.0,0.0,0.0,0.0,0.0,244645.0,24199.0,301.0,34.0,499.0,34.0,800.0,0.0,0.62375,0.04249999999999998,0.6396061790005909,0.04724949110250182,B:DRL-EAURP(senior),200.0,0.0,168.0,26.0,632.0,26.0,632.0,26.0,19.5,4.5,20261409.0,500.0,20000.0,0.0,14.98484,1.072000000000001,3602.4864221282755,164.04172336213924,2,B: DRL-EAURP (senior code) | grayhole @ 30%,B: DRL-EAURP (senior code),attack,grayhole,30.0,,,,,,,0.8018749999999999,0.018125000000000002,0.2475,0.085,7.0,0.0,800.0,0.0,5.5,0.5,endpoint_counters,0.744266424001714,0.01383980053571171,-0.10799773951791691,0.05910788138478684,0.9552476970886674,0.006307887038711935,,,,,,,,,,,,,,,,,,,,,,,,,,,,,,,,,,,,,,,,,,,,,,,,,,,,,,,,,,,,,,,,,,,,,,,,,,,,,,,,,,
grayhole,73.94989059414347,4.253262842331907,5.486999574311643,0.5573929490528435,337564.0,24203.0,0.0,0.0,0.0,0.0,0.0,0.0,2700.0,0.0,0.0,0.0,40.0,0.0,0.0,0.0,0.0,0.0,0.0,0.0,60.0,0.0,0.0,0.0,0.0,0.0,0.004926800002067466,0.0016917000011744676,40.0,0.0,x25519,784.5,8.5,0.030681850015753298,0.008204749972719583,0.002836750010828837,0.000752350004404434,0.00012317000005168666,4.2292500029361694e-05,3.900133085014227e-05,1.0035995743140057e-05,200.0,0.0,0.0,0.0,linear,1904.9389160156218,169.17817382811813,0.0,0.0,138.5,8.5,190.5,27.5,15.5,8.5,0.4,0.0,40.0,0.0,64.90685978816282,1.7067243587394358,100.0,0.0,200.0,0.0,100.0,0.0,0.0,0.0,0.0,0.0,281702.0,21602.0,344.5,27.5,455.5,27.5,800.0,0.0,0.569375,0.03437499999999999,0.5810726264609145,0.04135005395145669,B:DRL-EAURP(senior),200.0,0.0,138.5,25.5,661.5,25.5,661.5,25.5,15.5,8.5,20261409.0,500.0,20000.0,0.0,13.502559999999999,0.9681199999999999,3509.314021183717,170.6724358739432,2,B: DRL-EAURP (senior code) | grayhole @ 40%,B: DRL-EAURP (senior code),attack,grayhole,40.0,,,,,,,0.8274999999999999,0.03375,0.13874999999999998,0.06874999999999999,7.0,0.0,800.0,0.0,6.0,1.0,endpoint_counters,0.744266424001714,0.01383980053571171,-0.06656352035605774,0.04303373931821169,0.9436321028142223,0.00526204518841783,,,,,,,,,,,,,,,,,,,,,,,,,,,,,,,,,,,,,,,,,,,,,,,,,,,,,,,,,,,,,,,,,,,,,,,,,,,,,,,,,,
grayhole,73.04810417285736,4.566169919617259,5.46981515806817,0.6386185768715888,326517.5,21719.5,0.0,0.0,0.0,0.0,0.0,0.0,2700.0,0.0,0.0,0.0,50.0,0.0,0.0,0.0,0.0,0.0,0.0,0.0,50.0,0.0,0.0,0.0,0.0,0.0,0.003288900001280126,9.839999802352395e-05,40.0,0.0,x25519,784.5,8.5,0.031596549995811074,0.009620050024750526,0.0020624499939003726,3.485000161163043e-05,8.222250003200315e-05,2.459999950588103e-06,4.041364500091679e-05,1.2700530283312069e-05,200.0,0.0,0.0,0.0,linear,1819.397412109366,173.7719238281146,0.0,0.0,128.0,18.0,215.0,17.0,15.5,8.5,0.5,0.0,50.0,0.0,65.78069951603587,1.734306403353635,100.0,0.0,200.0,0.0,100.0,0.0,0.0,0.0,0.0,0.0,292748.5,19118.5,358.5,26.5,441.5,26.5,800.0,0.0,0.551875,0.03312499999999996,0.5632109566958308,0.03988182680932384,B:DRL-EAURP(senior),200.0,0.0,139.0,20.0,661.0,20.0,661.0,20.0,15.5,8.5,20261409.0,500.0,20000.0,0.0,13.0607,0.8687800000000001,3421.9300483964116,173.43064033536416,2,B: DRL-EAURP (senior code) | grayhole @ 50%,B: DRL-EAURP (senior code),attack,grayhole,50.0,,,,,,,0.7481249999999999,0.09812499999999996,0.10375000000000001,0.06625,7.0,0.0,800.0,0.0,6.0,0.0,endpoint_counters,0.744266424001714,0.01383980053571171,0.008742308742370863,0.09943622211069601,0.9389449645791241,0.005213404486384243,,,,,,,,,,,,,,,,,,,,,,,,,,,,,,,,,,,,,,,,,,,,,,,,,,,,,,,,,,,,,,,,,,,,,,,,,,,,,,,,,,
trust_poisoning,79.15666683687755,1.8102198031222727,6.257053151598119,0.2712487351943338,469647.0,21547.0,0.0,0.0,0.0,0.0,0.0,0.0,2695.0,4.0,0.0,0.0,0.0,0.0,0.0,0.0,0.0,0.0,0.0,0.0,100.0,0.0,0.0,0.0,0.0,0.0,0.004945599999700789,0.001391100004184409,40.0,0.0,x25519,771.0,5.0,0.028830100014602067,0.0039052000538504217,0.003153050003675162,0.0008921499993448379,0.00012363999999251974,3.4777500104610226e-05,3.742754756185474e-05,5.307831117587155e-06,200.0,0.0,0.0,0.0,linear,2415.4087890625005,83.1379882812455,0.0,0.0,162.5,20.5,0.0,0.0,26.0,2.0,0.0,0.0,0.0,0.0,59.82487276644126,0.8241111994096464,100.0,0.0,200.0,0.0,100.0,0.0,0.0,0.0,0.0,0.0,146726.5,16053.5,188.5,22.5,608.5,25.5,797.0,3.0,0.7633784634760705,0.02912153652392946,0.7890534575112379,0.0279568517671126,B:DRL-EAURP(senior),200.0,0.0,215.5,41.5,581.5,38.5,581.5,38.5,26.0,2.0,20261409.0,500.0,20000.0,0.0,18.78588,0.8618800000000011,4017.5127233558733,82.41111994096559,2,B: DRL-EAURP (senior code) | trust_poisoning @ 0%,B: DRL-EAURP (senior code),attack,trust_poisoning,0.0,,,,,,,0.7722544080604534,0.16225440806045338,0.526756926952141,0.05824307304785892,7.5,0.5,797.0,3.0,5.0,0.0,endpoint_counters,0.7442795937068009,0.013852970240798568,0.0,0.0,1.0,0.0,,,,,,,,,,,,,,,,,,,,,,,,,,,,,,,,,,,,,,,,,,,,,,,,,,,,,,,,,,,,,,,,,,,,,,,,,,,,,,,,,,
trust_poisoning,78.08935069292771,2.202985004957526,6.021064486992206,0.21496035772829147,395378.0,30108.0,0.0,0.0,0.0,0.0,0.0,0.0,3048.0,161.0,0.0,0.0,10.0,0.0,0.0,0.0,0.0,0.0,0.0,0.0,90.0,0.0,0.0,0.0,0.0,0.0,0.0032772499907878228,8.304999937536195e-05,40.0,0.0,x25519,744.5,25.5,0.022249250003369525,0.0004907499824184924,0.0021050000032118987,4.2300009226892143e-05,8.193124976969557e-05,2.0762499843840487e-06,2.98973186116304e-05,3.6485109761998963e-07,200.0,0.0,0.0,0.0,linear,2182.326562500003,13.179003906247772,0.0,0.0,145.5,2.5,79.0,9.0,41.5,17.5,0.1,0.0,10.0,0.0,62.155877196535116,0.13642624375700052,100.0,0.0,200.0,0.0,100.0,0.0,0.0,0.0,4.0,2.0,212417.5,22134.5,266.0,29.0,520.0,37.0,786.0,8.0,0.6611669785602818,0.04034435645231266,0.6975714827592435,0.025805140617379818,B:DRL-EAURP(senior),200.0,0.0,167.5,51.5,618.5,43.5,618.5,43.5,41.5,17.5,20261409.0,500.0,20000.0,0.0,15.81512,1.20432,3784.4122803464898,13.642624375698915,2,B: DRL-EAURP (senior code) | trust_poisoning @ 10%,B: DRL-EAURP (senior code),attack,trust_poisoning,10.0,,,,,,,0.6648611371921804,0.19760672913172705,0.3223339571205636,0.08068871290462531,7.5,0.5,786.0,8.0,5.5,0.5,endpoint_counters,0.7436187179796867,0.01336723507212717,-0.02432025441940195,0.05961969618610211,0.9858239850562229,0.00134970104687121,,,,,,,,,,,,,,,,,,,,,,,,,,,,,,,,,,,,,,,,,,,,,,,,,,,,,,,,,,,,,,,,,,,,,,,,,,,,,,,,,,
trust_poisoning,77.47969283878965,5.256793584487134,5.993867924528302,0.7561320754716983,353766.0,46403.0,0.0,0.0,0.0,0.0,0.0,0.0,3128.0,69.0,0.0,0.0,20.0,0.0,0.0,0.0,0.0,0.0,0.0,0.0,80.0,0.0,0.0,0.0,0.0,0.0,0.003173850000166567,0.0003179500017722603,40.0,0.0,x25519,726.0,26.0,0.020770649955011322,0.0008110499675240135,0.0021092499900987605,0.0002357499997742707,7.934625000416418e-05,7.948750044306502e-06,2.860639165688183e-05,9.267738904281753e-08,200.0,0.0,0.0,0.0,linear,2016.2443847656261,170.06684570311904,0.0,0.0,149.5,24.5,107.5,10.5,41.5,18.5,0.2,0.0,20.0,0.0,63.8240283308084,1.6932261685880121,100.0,0.0,200.0,0.0,100.0,0.0,0.0,0.0,5.0,1.0,239283.0,39131.0,298.5,53.5,469.0,61.0,767.5,7.5,0.6103565365025467,0.07351443123938878,0.6438221884498481,0.06096504559270516,B:DRL-EAURP(senior),200.0,0.0,145.0,42.0,622.5,34.5,622.5,34.5,41.5,18.5,20261409.0,500.0,20000.0,0.0,14.15064,1.8561199999999998,3617.5971669191595,169.32261685880076,2,B: DRL-EAURP (senior code) | trust_poisoning @ 20%,B: DRL-EAURP (senior code),attack,trust_poisoning,20.0,,,,,,,0.8209337860780985,0.057775891341256325,0.22071307300509338,0.14702886247877758,7.0,0.0,767.5,7.5,5.5,0.5,endpoint_counters,0.746027986656213,0.015240575198202377,-0.08557672814824635,0.01706460306773671,0.9697568016966432,0.001066341981123653,,,,,,,,,,,,,,,,,,,,,,,,,,,,,,,,,,,,,,,,,,,,,,,,,,,,,,,,,,,,,,,,,,,,,,,,,,,,,,,,,,
trust_poisoning,76.25230694112325,1.9373367316752024,5.798448581560284,0.3026152482269504,322633.0,41424.0,0.0,0.0,0.0,0.0,0.0,0.0,3422.5,39.5,0.0,0.0,30.0,0.0,0.0,0.0,0.0,0.0,0.0,0.0,70.0,0.0,0.0,0.0,0.0,0.0,0.003372499993929523,6.820000453444663e-05,40.0,0.0,x25519,664.5,66.5,0.021145499998965533,0.001060900031006895,0.002184350008974434,3.844999991997611e-05,8.431249984823808e-05,1.7050001133611686e-06,3.198219989397087e-05,1.604087677866317e-06,200.0,0.0,0.0,0.0,linear,1747.0205566406273,124.28247070312364,0.0,0.0,112.0,7.0,124.5,7.5,91.0,56.0,0.3,0.0,30.0,0.0,66.51540103966222,1.227174331526271,100.0,0.0,200.0,0.0,100.0,0.0,0.0,0.0,8.5,0.5,264878.5,32888.5,327.5,41.5,428.0,52.0,755.5,10.5,0.565664920181541,0.060966933604359785,0.6426986443640224,0.013936102558002261,B:DRL-EAURP(senior),200.0,0.0,122.0,18.0,633.5,7.5,633.5,7.5,91.0,56.0,20261409.0,500.0,20000.0,0.0,12.90532,1.6569599999999998,3348.4598960337776,122.71743315262711,2,B: DRL-EAURP (senior code) | trust_poisoning @ 30%,B: DRL-EAURP (senior code),attack,trust_poisoning,30.0,,,,,,,0.7133509734172113,0.10127043650445966,0.13132984036308198,0.12193386720871957,6.5,0.5,755.5,10.5,4.0,1.0,endpoint_counters,0.7395083045108557,0.011619404145825796,-0.1030411326923447,0.06307920804296645,0.9554954581479661,0.010142461760379917,,,,,,,,,,,,,,,,,,,,,,,,,,,,,,,,,,,,,,,,,,,,,,,,,,,,,,,,,,,,,,,,,,,,,,,,,,,,,,,,,,
trust_poisoning,74.24071319376739,2.564404254062403,5.517468982630273,0.30406947890818836,269099.0,30249.0,0.0,0.0,0.0,0.0,0.0,0.0,3827.0,163.0,0.0,0.0,40.0,0.0,0.0,0.0,0.0,0.0,0.0,0.0,60.0,0.0,0.0,0.0,0.0,0.0,0.0031263499877240974,3.6949990317225456e-05,40.0,0.0,x25519,623.5,50.5,0.0181493999898521,0.0007290000266948482,0.0020202000087010674,2.5299992557847872e-05,7.815874969310243e-05,9.237497579306378e-07,2.9205794875025747e-05,1.1962993015139573e-06,200.0,0.0,0.0,0.0,linear,1495.0619140624995,80.14726562500448,0.0,0.0,102.5,5.5,157.0,6.0,69.5,47.5,0.4,0.0,40.0,0.0,69.01588055413839,0.8150658019745833,100.0,0.0,200.0,0.0,100.0,0.0,0.0,0.0,14.0,2.0,266307.5,27497.5,329.0,36.0,364.0,39.0,693.0,3.0,0.5250187406296851,0.05400424787606195,0.5825565377703896,0.015366310894298851,B:DRL-EAURP(senior),200.0,0.0,107.0,18.0,586.0,15.0,586.0,15.0,69.5,47.5,20261409.0,500.0,20000.0,0.0,10.76396,1.2099599999999997,3098.4119445861606,81.50658019745833,2,B: DRL-EAURP (senior code) | trust_poisoning @ 40%,B: DRL-EAURP (senior code),attack,trust_poisoning,40.0,,,,,,,0.7474575212393804,0.003979260369815052,0.05003748125937031,0.10800849575212393,6.5,0.5,693.0,3.0,5.0,1.0,endpoint_counters,0.7428786492040484,0.010780597052193086,-0.04027537290409154,0.020197701630073204,0.9449888898746752,0.004545077998616531,,,,,,,,,,,,,,,,,,,,,,,,,,,,,,,,,,,,,,,,,,,,,,,,,,,,,,,,,,,,,,,,,,,,,,,,,,,,,,,,,,
trust_poisoning,74.13419338549281,2.3706462023961805,5.676444396677466,0.3675438731172558,263173.5,17105.5,0.0,0.0,0.0,0.0,0.0,0.0,3742.5,191.5,0.0,0.0,50.0,0.0,0.0,0.0,0.0,0.0,0.0,0.0,50.0,0.0,0.0,0.0,0.0,0.0,0.00285460000486637,2.9400007406366058e-05,40.0,0.0,x25519,682.0,26.0,0.01827429996956198,0.000131000035253237,0.0018103999955201289,3.000002834596671e-06,7.136500012165925e-05,7.350001851591514e-07,2.6826827929767567e-05,8.306414822884465e-07,200.0,0.0,0.0,0.0,linear,1634.6893554687558,16.25449218749634,0.0,0.0,117.5,2.5,203.0,8.0,71.0,46.0,0.5,0.0,50.0,0.0,67.62987236957954,0.17305584892739745,100.0,0.0,200.0,0.0,100.0,0.0,0.0,0.0,12.5,2.5,318595.5,29220.5,391.5,40.5,361.5,20.5,753.0,20.0,0.4811421985884446,0.04000377685493878,0.5296825478848008,0.009865474714069178,B:DRL-EAURP(senior),200.0,0.0,109.0,14.0,644.0,34.0,644.0,34.0,71.0,46.0,20261409.0,500.0,20000.0,0.0,10.52694,0.6842199999999998,3237.0127630420457,17.305584892739944,2,B: DRL-EAURP (senior code) | trust_poisoning @ 50%,B: DRL-EAURP (senior code),attack,trust_poisoning,50.0,,,,,,,0.6267752541876321,0.07308832016434613,-0.03771560282311082,0.08000755370987753,6.5,0.5,753.0,20.0,5.0,1.0,endpoint_counters,0.7473620272553904,0.016705917460449027,0.03584388763430592,0.13985117000541297,0.9394245757892586,1.937825696651796e-05,,,,,,,,,,,,,,,,,,,,,,,,,,,,,,,,,,,,,,,,,,,,,,,,,,,,,,,,,,,,,,,,,,,,,,,,,,,,,,,,,,
blackhole,79.11082105987688,6.328917412812075,6.26945025342927,0.927178960053876,452542.5,42221.5,790.0,10.0,0.9590298647771629,0.00031836862754797135,782.0,4.0,2687.5,12.5,0.0,0.0,0.0,0.0,3.0,1.0,0.03,0.01,0.0,0.0,97.0,1.0,0.0,0.0,0.0,0.0,0.006260750002184068,0.0004371499944682,40.0,0.0,x25519,756.0,20.0,0.048053300013634725,0.0013372999619605253,0.003911650001100497,0.0001073500097845681,0.00015651875005460167,1.0928749861704998e-05,6.356025326904387e-05,8.742711187783529e-08,200.0,0.0,0.0,0.0,linear,2338.5079101562706,269.93750000000705,0.0,0.0,172.0,30.0,0.0,0.0,34.0,10.0,0.0,0.0,0.0,0.0,60.58678072977621,2.6887051833842364,100.0,0.0,200.0,0.0,100.0,0.0,3.0,1.0,0.0,0.0,159655.5,32552.5,206.0,40.0,584.0,50.0,790.0,10.0,0.7385576923076923,0.05394230769230768,0.77127689376961,0.045733415508740494,C:AR-EAURP,200.0,0.0,0.0,0.0,0.0,0.0,454.0,60.0,34.0,10.0,20261409.0,500.0,20000.0,0.0,18.1017,1.6888599999999998,3941.3219270223794,268.87051833842406,2,C: AR-EAURP (advancement) | blackhole @ 0%,C: AR-EAURP (advancement),attack,blackhole,0.0,,,,,,,,,,,,,,,,,,,,,,,,0.20767349921555325,0.006559637829414627,0.20765699093999335,0.0022233720963102804,0.27204646153855216,0.0002651446220639231,0.31262304830590126,0.004071121111040438,11.0,2.0,3.0,1.0,6.5,0.5,1.0,0.0,1.0,0.0,1.0,0.0,dqn,29488.0,400.0,28280.0,393.0,5.4738755411255315,0.05236471861471914,5.4738755411255315,0.05236471861471914,0.0,0.0,0.0,0.0,0.05,0.0,4.695766806602478,1.2462202310562134,7356.0,100.0,torch,60.0,0.0,,1.3909976482391357,0.0,0.666419506072998,0.0,0.7169022921081921,0.0,0.0,0.0,0.9673173173173173,0.0,torch,10.0,0.0,1.0,0.0,0.0,0.0,-0.6308546167405029,0.0,0.015030753142760048,0.0,0.024506141373784835,0.0,17550.0,0.0,0.018448787645810105,0.0,0.03764533491656735,0.0,0.00921648869768733,0.0,0.023273000008882033,0.0,0.0002494244483775387,0.0,10.0,0.0,0.0,0.0
blackhole,70.7653809354525,5.2620600535645465,5.094953972042278,0.6663825434708488,251354.5,72249.5,752.0,0.0,0.9608049846562494,0.0004590316536384753,751.5,0.5,3198.0,170.0,0.6934523809523809,0.06845238095238099,3.5,1.5,2.0,1.0,0.022222222222222223,0.01111111111111111,0.7803030303030303,0.05303030303030304,88.0,1.0,6.5,1.5,0.65,0.15000000000000002,0.005588250003711437,8.415000593231525e-05,40.0,0.0,x25519,617.0,112.0,0.03905235001184337,0.005407649985500029,0.00362259999201342,8.139998863043729e-05,0.0001397062500927859,2.1037501483078813e-06,6.380541134317011e-05,2.8177570258266184e-06,200.0,0.0,0.0,0.0,linear,1377.5001953125045,464.060351562503,0.0,0.0,98.5,21.5,193.5,3.5,135.0,112.0,0.1,0.0,10.0,0.0,70.20112655101177,4.651974170215297,100.0,0.0,200.0,0.0,100.0,0.0,3.5,1.5,6.0,2.0,329064.0,71525.0,427.0,94.0,325.0,94.0,752.0,0.0,0.43218085106382975,0.12499999999999997,0.5160928438522865,0.058667101278029016,C:AR-EAURP,200.0,0.0,0.0,0.0,0.0,0.0,510.0,67.0,135.0,112.0,20261409.0,500.0,20000.0,0.0,10.05418,2.88998,2979.8873448988243,465.19741702152965,2,C: AR-EAURP (advancement) | blackhole @ 10%,C: AR-EAURP (advancement),attack,blackhole,10.0,,,,,,,,,,,,,,,,,,,,,,,,0.2142051957159929,0.0005628980658623495,0.20569768153666396,0.00021465281603734454,0.27015990669988266,0.0019157813735118656,0.3099372160474605,0.0026933322554115735,17.5,6.5,3.5,1.5,6.5,0.5,1.0,0.0,1.0,0.0,1.0,0.0,dqn,31016.0,376.0,29800.5,375.5,6.304511904761895,0.18260497835497835,6.304511904761895,0.18260497835497835,0.0,0.0,0.0,0.0,0.05,0.0,6.17757773399353,2.5678446292877197,7738.0,94.0,torch,60.0,0.0,,1.3909976482391357,0.0,0.666419506072998,0.0,0.7169022921081921,0.0,0.0,0.0,0.9673173173173173,0.0,torch,10.0,0.0,1.0,0.0,0.0,0.0,-0.6308546167405029,0.0,0.015030753142760048,0.0,0.024506141373784835,0.0,17550.0,0.0,0.018448787645810105,0.0,0.03764533491656735,0.0,0.00921648869768733,0.0,0.023273000008882033,0.0,0.0002494244483775387,0.0,10.0,0.0,0.0,0.0
blackhole,65.84188716493543,0.8186353252206189,4.325749216577658,0.30734430860219764,171554.0,45495.0,760.5,9.5,0.9626075676163115,0.00041616160922247625,760.0,10.0,3486.5,118.5,0.6948529411764706,0.06985294117647062,8.5,1.5,1.5,0.5,0.018750000000000003,0.00625,0.8809523809523809,0.047619047619047616,78.5,0.5,11.5,1.5,0.575,0.07500000000000001,0.005741200011470937,0.0001604999979463173,40.0,0.0,x25519,637.5,51.5,0.040083200048684375,0.002743900015047984,0.0037110499924892792,9.595000847184565e-05,0.00014353000028677343,4.012499948657927e-06,6.293864377878935e-05,7.802982581328141e-07,200.0,0.0,0.0,0.0,linear,1148.6237792968734,162.66079101562696,0.0,0.0,88.0,9.0,329.0,15.0,123.0,61.0,0.2,0.0,20.0,0.0,72.48852148170818,1.6557176650983294,100.0,0.0,200.0,0.0,100.0,0.0,7.0,1.0,9.5,1.5,415188.0,48734.0,540.0,67.0,220.5,57.5,760.5,9.5,0.2909307071091359,0.07924239542082419,0.3408201528653586,0.06266315627832791,C:AR-EAURP,200.0,0.0,0.0,0.0,0.0,0.0,527.5,58.5,123.0,61.0,20261409.0,500.0,20000.0,0.0,6.86216,1.8197999999999999,2751.1478518291815,165.5717665098325,2,C: AR-EAURP (advancement) | blackhole @ 20%,C: AR-EAURP (advancement),attack,blackhole,20.0,,,,,,,,,,,,,,,,,,,,,,,,0.21576441765688023,0.0015053541658038017,0.20505115476559263,0.0009372787895345347,0.2660036266700621,0.0015792350922660958,0.31318080090746503,0.0010111597159968289,24.5,3.5,7.0,1.0,6.0,0.0,1.0,0.0,1.0,0.0,1.0,0.0,dqn,32537.5,375.5,31321.0,375.0,7.4414383116883025,0.2664989177489172,7.4414383116883025,0.2664989177489172,0.0,0.0,0.0,0.0,0.05,0.0,21.33165431022644,15.36637806892395,8118.0,94.0,torch,60.0,0.0,,1.3909976482391357,0.0,0.666419506072998,0.0,0.7169022921081921,0.0,0.0,0.0,0.9673173173173173,0.0,torch,10.0,0.0,1.0,0.0,0.0,0.0,-0.6308546167405029,0.0,0.015030753142760048,0.0,0.024506141373784835,0.0,17550.0,0.0,0.018448787645810105,0.0,0.03764533491656735,0.0,0.00921648869768733,0.0,0.023273000008882033,0.0,0.0002494244483775387,0.0,10.0,0.0,0.0,0.0
blackhole,60.700355781281935,2.733926198725179,3.7068796833655746,0.3501545371667445,168810.0,35212.0,761.5,18.5,0.9642548879814701,0.0003751503505081133,761.0,19.0,3329.5,212.5,0.6407407407407408,0.062962962962963,14.0,3.0,3.5,1.5,0.049999999999999996,0.02142857142857143,0.8291666666666666,0.03750000000000003,66.5,1.5,16.0,3.0,0.5333333333333333,0.09999999999999998,0.0061864000072091585,0.0005372000105126062,40.0,0.0,x25519,631.5,86.5,0.04154140003629436,0.0028781999808416003,0.003973200000473298,0.000258700005360879,0.00015466000018022897,1.3430000262815159e-05,6.640369483166056e-05,4.537956646234418e-06,200.0,0.0,0.0,0.0,linear,1001.1042480468739,224.50620117187378,0.0,0.0,59.0,16.0,355.5,24.5,130.0,105.0,0.3,0.0,30.0,0.0,73.91925530985966,2.2652674645524584,100.0,0.0,200.0,0.0,100.0,0.0,14.5,3.5,7.5,2.5,419761.5,48455.5,544.5,64.5,217.0,46.0,761.5,18.5,0.2866005797701625,0.06736981053939331,0.3400283662569319,0.02626689836702359,C:AR-EAURP,200.0,0.0,0.0,0.0,0.0,0.0,525.0,80.0,130.0,105.0,20261409.0,500.0,20000.0,0.0,6.7524,1.4084800000000004,2608.0744690140345,226.5267464552469,2,C: AR-EAURP (advancement) | blackhole @ 30%,C: AR-EAURP (advancement),attack,blackhole,30.0,,,,,,,,,,,,,,,,,,,,,,,,0.21680898236958057,2.8048644474476525e-05,0.2047428409501208,0.00010092719949007789,0.26145516603689145,0.0009138720422347257,0.3169930106434071,0.0007848961982701851,28.0,7.0,14.5,3.5,6.5,0.5,1.0,0.0,1.0,0.0,1.0,0.0,dqn,34064.5,371.5,32847.0,371.0,8.677719696969689,0.27983658008658097,8.677719696969689,0.27983658008658097,0.0,0.0,0.0,0.0,0.05,0.0,39.87861347198486,24.54249858856201,8500.0,93.0,torch,60.0,0.0,,1.3909976482391357,0.0,0.666419506072998,0.0,0.7169022921081921,0.0,0.0,0.0,0.9673173173173173,0.0,torch,10.0,0.0,1.0,0.0,0.0,0.0,-0.6308546167405029,0.0,0.015030753142760048,0.0,0.024506141373784835,0.0,17550.0,0.0,0.018448787645810105,0.0,0.03764533491656735,0.0,0.00921648869768733,0.0,0.023273000008882033,0.0,0.0002494244483775387,0.0,10.0,0.0,0.0,0.0
blackhole,53.67136586185526,2.7368873863553915,2.6579061215660826,0.23761626649361878,80549.0,29447.0,750.5,4.5,0.9657342029505414,0.00034532511245777275,750.0,5.0,3409.5,147.5,0.6602691924227317,0.016201395812562303,19.0,2.0,2.5,2.5,0.041666666666666664,0.041666666666666664,0.9107142857142857,0.0892857142857143,57.5,2.5,21.0,2.0,0.5249999999999999,0.04999999999999999,0.005554449988267152,0.000180049999471521,40.0,0.0,x25519,647.5,73.5,0.04083355001785094,0.003663550018245587,0.0036284499965404393,0.00011295000695099588,0.00013886124970667878,4.501249986788028e-06,6.323595449172276e-05,1.5201430685653081e-06,200.0,0.0,0.0,0.0,linear,701.6484863281262,120.31489257812672,0.0,0.0,35.5,0.5,509.5,37.5,103.0,78.0,0.4,0.0,40.0,0.0,76.93304506575647,1.2211527624864402,100.0,0.0,200.0,0.0,100.0,0.0,18.5,6.5,8.5,1.5,499123.0,32511.0,648.0,40.0,102.5,35.5,750.5,4.5,0.13686415851428368,0.048122436659979055,0.1540627854267447,0.03733804675078651,C:AR-EAURP,200.0,0.0,0.0,0.0,0.0,0.0,504.0,50.0,103.0,78.0,20261409.0,500.0,20000.0,0.0,3.22196,1.17788,2306.695493424352,122.11527624864289,2,C: AR-EAURP (advancement) | blackhole @ 40%,C: AR-EAURP (advancement),attack,blackhole,40.0,,,,,,,,,,,,,,,,,,,,,,,,0.2203779005031955,0.0012877922368774164,0.20587870192201785,0.0009923730687468324,0.25584809734717995,0.001291512212082374,0.3178953002276067,0.0009960930439518456,33.5,4.5,18.5,6.5,6.0,0.0,1.0,0.0,1.0,0.0,1.0,0.0,dqn,35564.0,373.0,34345.5,372.5,10.113186147186138,0.3476341991342009,10.113186147186138,0.3476341991342009,0.0,0.0,0.0,0.0,0.05,0.0,20.555225372314453,3.0864925384521484,8875.0,93.0,torch,60.0,0.0,,1.3909976482391357,0.0,0.666419506072998,0.0,0.7169022921081921,0.0,0.0,0.0,0.9673173173173173,0.0,torch,10.0,0.0,1.0,0.0,0.0,0.0,-0.6308546167405029,0.0,0.015030753142760048,0.0,0.024506141373784835,0.0,17550.0,0.0,0.018448787645810105,0.0,0.03764533491656735,0.0,0.00921648869768733,0.0,0.023273000008882033,0.0,0.0002494244483775387,0.0,10.0,0.0,0.0,0.0
blackhole,52.27791296202028,3.9665894867251446,2.3471177944862154,0.4423558897243107,56897.5,26803.5,713.0,22.0,0.9670467948967834,0.00032734529538541723,713.0,22.0,3409.5,26.5,0.5852187028657617,0.05580693815987936,28.5,3.5,1.5,1.5,0.03,0.03,0.9464285714285714,0.05357142857142855,48.5,1.5,21.5,3.5,0.43,0.07,0.0061697500004811445,0.0002940500035037985,40.0,0.0,x25519,617.5,92.5,0.04090340003858728,0.0048630000219418434,0.003883899986249162,0.0002638000041770283,0.0001542437500120286,7.351250087594965e-06,6.655404968959899e-05,2.0943312944875545e-06,200.0,0.0,0.0,0.0,linear,586.8006347656253,32.8559082031266,0.0,0.0,44.0,5.0,502.0,64.0,95.5,70.5,0.5,0.0,50.0,0.0,78.09310119575396,0.36137806939844097,100.0,0.0,200.0,0.0,100.0,0.0,16.5,6.5,8.5,0.5,495277.5,7804.5,641.5,11.5,71.5,33.5,713.0,22.0,0.09892495348356418,0.04393218937357866,0.11013413816230717,0.037753185781354795,C:AR-EAURP,200.0,0.0,0.0,0.0,0.0,0.0,498.5,37.5,95.5,70.5,20261409.0,500.0,20000.0,0.0,2.2759,1.07214,2190.689880424604,36.137806939843585,2,C: AR-EAURP (advancement) | blackhole @ 50%,C: AR-EAURP (advancement),attack,blackhole,50.0,,,,,,,,,,,,,,,,,,,,,,,,0.2240080897372449,0.0007926091816150005,0.20411682799394226,0.0016214692519962298,0.25414610520562164,0.0007135649920413378,0.3177289770631912,0.00011529507833984987,34.5,8.5,16.5,6.5,6.0,0.0,1.0,0.0,1.0,0.0,1.0,0.0,dqn,36995.5,367.5,35776.5,367.5,11.691390692640681,0.38473051948052017,11.691390692640681,0.38473051948052017,0.0,0.0,0.0,0.0,0.05,0.0,374.1983070373535,351.8659019470215,9233.0,92.0,torch,60.0,0.0,,1.3909976482391357,0.0,0.666419506072998,0.0,0.7169022921081921,0.0,0.0,0.0,0.9673173173173173,0.0,torch,10.0,0.0,1.0,0.0,0.0,0.0,-0.6308546167405029,0.0,0.015030753142760048,0.0,0.024506141373784835,0.0,17550.0,0.0,0.018448787645810105,0.0,0.03764533491656735,0.0,0.00921648869768733,0.0,0.023273000008882033,0.0,0.0002494244483775387,0.0,10.0,0.0,0.0,0.0
grayhole,87.5143367081416,4.553134372733069,7.469832196201365,0.5971049234740917,425950.5,44689.5,770.0,28.0,0.9680285537734998,7.159274476348232e-05,759.0,19.0,2667.5,29.5,0.0,0.0,0.0,0.0,3.5,0.5,0.035,0.005000000000000001,0.0,0.0,96.5,0.5,0.0,0.0,0.0,0.0,0.0060507499911182094,0.00016974999743979424,40.0,0.0,x25519,731.0,43.0,0.0457427500095946,0.002259650011183112,0.0038523000112036243,0.00013210000179242343,0.00015126874977795525,4.243749935994848e-06,6.261039245412833e-05,5.917877761209357e-07,200.0,0.0,0.0,0.0,linear,2677.186572265639,59.74916992188673,0.0,0.0,182.0,13.0,0.0,0.0,39.0,15.0,0.0,0.0,0.0,0.0,57.50801661644432,0.2914748400670142,100.0,0.0,189.5,10.5,99.5,0.5,3.5,0.5,0.0,0.0,171982.5,21697.5,221.0,28.0,549.0,56.0,770.0,28.0,0.7112829242918617,0.046862439116659604,0.7491117571059431,0.03254198966408267,C:AR-EAURP,200.0,0.0,0.0,0.0,0.0,0.0,395.5,48.5,39.0,15.0,20261409.0,500.0,20000.0,0.0,17.03802,1.787580000000001,4277.806609243757,57.75575489489029,2,C: AR-EAURP (advancement) | grayhole @ 0%,C: AR-EAURP (advancement),attack,grayhole,0.0,,,,,,,,,,,,,,,,,,,,,,,,0.21692189459824954,0.0021569664436084934,0.22752014308646085,0.0076802270649413695,0.2461944551001277,0.002434333772723646,0.3093635072151619,0.0030889268486092303,15.0,2.0,3.5,0.5,6.5,0.5,1.0,0.0,1.0,0.0,1.0,0.0,dqn,38504.0,399.0,37273.0,389.0,12.367484848484835,0.062385281385279434,12.367484848484835,0.062385281385279434,0.0,0.0,0.0,0.0,0.05,0.0,26.63799476623535,0.6649799346923828,9610.0,100.0,torch,60.0,0.0,,1.3909976482391357,0.0,0.666419506072998,0.0,0.7169022921081921,0.0,0.0,0.0,0.9673173173173173,0.0,torch,10.0,0.0,1.0,0.0,0.0,0.0,-0.6308546167405029,0.0,0.015030753142760048,0.0,0.024506141373784835,0.0,17550.0,0.0,0.018448787645810105,0.0,0.03764533491656735,0.0,0.00921648869768733,0.0,0.023273000008882033,0.0,0.0002494244483775387,0.0,10.0,0.0,0.0,0.0
grayhole,82.57216007749889,8.364796503074906,6.752223888055972,1.169615192403798,384494.5,60165.5,781.0,18.0,0.9689356481868878,0.0002723093072428129,778.5,17.5,2682.5,17.5,0.8174603174603174,0.039682539682539764,2.0,1.0,1.5,0.5,0.016666666666666666,0.005555555555555557,0.8465909090909092,0.028409090909090884,88.5,0.5,8.0,1.0,0.8,0.10000000000000003,0.005660500006342772,0.00015039999925647862,40.0,0.0,x25519,751.5,23.5,0.04694140004357905,0.003141200006211875,0.0036477500034379773,0.00010214999929303303,0.0001415125001585693,3.7599999814119683e-06,6.239390984155207e-05,2.228799900113641e-06,200.0,0.0,0.0,0.0,linear,2367.958837890634,225.70932617186736,0.0,0.0,162.0,18.0,84.5,28.5,29.5,5.5,0.1,0.0,10.0,0.0,60.27794605232921,2.25941986523625,100.0,0.0,200.0,0.0,100.0,0.0,9.5,1.5,0.0,0.0,220482.5,43983.5,276.0,52.0,505.0,70.0,781.0,18.0,0.6448837586957485,0.07476580325669208,0.6697314781992201,0.07220400567174762,C:AR-EAURP,200.0,0.0,0.0,0.0,0.0,0.0,418.0,23.0,29.5,5.5,20261409.0,500.0,20000.0,0.0,15.37978,2.40662,3972.2053947670793,225.94198652362502,2,C: AR-EAURP (advancement) | grayhole @ 10%,C: AR-EAURP (advancement),attack,grayhole,10.0,,,,,,,,,,,,,,,,,,,,,,,,0.21378299203638906,0.002947515809897855,0.25131837467093404,0.0020116636337737526,0.2370828943611692,0.0021144030724011276,0.2978157389315077,0.00284477637127048,18.5,3.5,9.5,1.5,6.5,0.5,1.0,0.0,1.0,0.0,1.0,0.0,dqn,40065.5,399.5,38821.0,398.0,12.835926406926394,0.0903463203463204,12.835926406926394,0.0903463203463204,0.0,0.0,0.0,0.0,0.05,0.0,73.60031414031982,50.34734058380127,10000.0,100.0,torch,60.0,0.0,,1.3909976482391357,0.0,0.666419506072998,0.0,0.7169022921081921,0.0,0.0,0.0,0.9673173173173173,0.0,torch,10.0,0.0,1.0,0.0,0.0,0.0,-0.6308546167405029,0.0,0.015030753142760048,0.0,0.024506141373784835,0.0,17550.0,0.0,0.018448787645810105,0.0,0.03764533491656735,0.0,0.00921648869768733,0.0,0.023273000008882033,0.0,0.0002494244483775387,0.0,10.0,0.0,0.0,0.0
grayhole,76.94585975243142,4.353378418392637,6.0003215738201074,0.6388536839118513,391697.5,24482.5,798.5,1.5,0.9699470162016269,0.00016852751954654632,793.0,3.0,2698.5,1.5,0.7352941176470589,0.029411764705882415,7.5,0.5,1.5,0.5,0.018750000000000003,0.00625,0.8928571428571428,0.035714285714285754,78.5,0.5,12.5,0.5,0.625,0.025000000000000022,0.006707750011628377,0.00014235000526241492,40.0,0.0,x25519,781.0,5.0,0.060337699971569236,0.0063431000235141255,0.003816499996901257,6.770000618416816e-05,0.00016769375029070943,3.5587501315603785e-06,7.73121428771431e-05,8.616723095902484e-06,200.0,0.0,0.0,0.0,linear,2192.955078125006,208.77978515624378,0.0,0.0,155.0,19.0,111.0,16.0,17.5,6.5,0.2,0.0,20.0,0.0,62.04122290769041,2.0854701731281153,100.0,0.0,200.0,0.0,100.0,0.0,14.0,0.0,0.0,0.0,226479.5,20792.5,283.5,28.5,515.0,30.0,798.5,1.5,0.6448909974905896,0.03635900250941032,0.6596839668424228,0.04263562078644312,C:AR-EAURP,200.0,0.0,0.0,0.0,0.0,0.0,451.0,35.0,17.5,6.5,20261409.0,500.0,20000.0,0.0,15.6679,0.9793000000000012,3795.87770923096,208.54701731281216,2,C: AR-EAURP (advancement) | grayhole @ 20%,C: AR-EAURP (advancement),attack,grayhole,20.0,,,,,,,,,,,,,,,,,,,,,,,,0.22375261754080888,0.0012961200370523868,0.2530268070293421,0.0002570861411294867,0.2363391548865706,0.0015953227892413074,0.2868814205432784,0.0026343566851642075,24.5,2.5,14.0,0.0,7.0,0.0,1.0,0.0,1.0,0.0,1.0,0.0,dqn,41662.0,400.0,40410.0,395.0,13.329773809523793,0.10123917748917588,13.329773809523793,0.10123917748917588,0.0,0.0,0.0,0.0,0.05,0.0,76.23514032363892,65.10229253768921,10399.0,100.0,torch,60.0,0.0,,1.3909976482391357,0.0,0.666419506072998,0.0,0.7169022921081921,0.0,0.0,0.0,0.9673173173173173,0.0,torch,10.0,0.0,1.0,0.0,0.0,0.0,-0.6308546167405029,0.0,0.015030753142760048,0.0,0.024506141373784835,0.0,17550.0,0.0,0.018448787645810105,0.0,0.03764533491656735,0.0,0.00921648869768733,0.0,0.023273000008882033,0.0,0.0002494244483775387,0.0,10.0,0.0,0.0,0.0
grayhole,75.50718340491608,3.1392191882031,5.8251125625238975,0.5109363173131696,382342.0,16999.0,799.5,0.5,0.9708836350701578,0.00025765807475408575,798.0,1.0,2699.5,0.5,0.6533481317055123,0.025897151313355515,13.0,1.0,5.0,0.0,0.07142857142857142,0.0,0.7722567287784678,0.010351966873706042,65.0,0.0,17.0,1.0,0.5666666666666667,0.033333333333333326,0.007675499984543421,0.00017490000573161524,40.0,0.0,x25519,781.5,5.5,0.05827549997593451,0.0010348000050726114,0.004382649998660781,7.98499913798878e-05,0.00019188749961358554,4.372500143290381e-06,7.456315224060592e-05,7.993636183612006e-07,200.0,0.0,0.0,0.0,linear,2088.0791503906294,142.83178710937318,0.0,0.0,151.5,5.5,123.5,15.5,18.0,6.0,0.3,0.0,30.0,0.0,63.075784530470216,1.434641707536013,100.0,0.0,200.0,0.0,100.0,0.0,22.0,1.0,0.0,0.0,236498.5,13972.5,293.0,15.0,506.5,15.5,799.5,0.5,0.6335090738423028,0.018990926157697097,0.6482842976722252,0.024396114698908844,C:AR-EAURP,200.0,0.0,0.0,0.0,0.0,0.0,442.0,11.0,18.0,6.0,20261409.0,500.0,20000.0,0.0,15.29368,0.6799599999999995,3692.421546952978,143.46417075360182,2,C: AR-EAURP (advancement) | grayhole @ 30%,C: AR-EAURP (advancement),attack,grayhole,30.0,,,,,,,,,,,,,,,,,,,,,,,,0.23391025519322328,0.0020211252149213016,0.24921164613717706,0.0003625588510406813,0.23819379720702258,0.0012546524325098563,0.2786843014625771,0.0004039139313707918,34.0,2.0,22.0,1.0,7.0,0.0,1.0,0.0,1.0,0.0,1.0,0.0,dqn,43261.0,400.0,42001.5,399.5,13.843143939393922,0.13067424242424241,13.843143939393922,0.13067424242424241,0.0,0.0,0.0,0.0,0.05,0.0,87.55875205993652,75.57058143615723,10799.0,100.0,torch,60.0,0.0,,1.3909976482391357,0.0,0.666419506072998,0.0,0.7169022921081921,0.0,0.0,0.0,0.9673173173173173,0.0,torch,10.0,0.0,1.0,0.0,0.0,0.0,-0.6308546167405029,0.0,0.015030753142760048,0.0,0.024506141373784835,0.0,17550.0,0.0,0.018448787645810105,0.0,0.03764533491656735,0.0,0.00921648869768733,0.0,0.023273000008882033,0.0,0.0002494244483775387,0.0,10.0,0.0,0.0,0.0
grayhole,75.05706307945432,3.2209076572893736,5.658564645057202,0.5066139263713696,349237.5,16901.5,797.0,3.0,0.9718076167218539,0.00017337985311016713,793.0,0.0,2698.5,1.5,0.6746933212176284,0.029532030895047745,17.5,2.5,4.0,2.0,0.06666666666666667,0.03333333333333334,0.8577712609970674,0.05131964809384165,56.0,2.0,22.5,2.5,0.5625,0.0625,0.006962550000025658,0.00014935000945115462,40.0,0.0,x25519,781.5,5.5,0.055093050013965694,0.0020148500152572524,0.0039146000090113375,8.439999146503396e-05,0.00017406375000064147,3.7337502362788628e-06,7.048189148212296e-05,2.0821492157461008e-06,200.0,0.0,0.0,0.0,linear,1942.4853027343756,138.10131835936443,0.0,0.0,134.0,1.0,180.0,24.0,15.5,8.5,0.4,0.0,40.0,0.0,64.54005943597694,1.4192626066467682,100.0,0.0,200.0,0.0,100.0,0.0,26.5,4.5,0.0,0.0,267913.0,12185.0,329.5,16.5,467.5,19.5,797.0,3.0,0.5864908690176323,0.02225913098236776,0.5984138186248182,0.029163500962810618,C:AR-EAURP,200.0,0.0,0.0,0.0,0.0,0.0,442.5,29.5,15.5,8.5,20261409.0,500.0,20000.0,0.0,13.9695,0.6760599999999997,3545.9940564023063,141.92626066467733,2,C: AR-EAURP (advancement) | grayhole @ 40%,C: AR-EAURP (advancement),attack,grayhole,40.0,,,,,,,,,,,,,,,,,,,,,,,,0.242435470548234,0.002642421397407349,0.24398001919688256,0.0005594026904191945,0.23420041402745567,0.00014892800381188787,0.27938409622742777,0.0019340907031762666,36.0,4.0,26.5,4.5,6.5,0.5,1.0,0.0,1.0,0.0,1.0,0.0,dqn,44855.0,400.0,43590.5,396.5,14.459349567099546,0.1341655844155838,14.459349567099546,0.1341655844155838,0.0,0.0,0.0,0.0,0.05,0.0,17.95819854736328,0.4258842468261719,11198.0,100.0,torch,60.0,0.0,,1.3909976482391357,0.0,0.666419506072998,0.0,0.7169022921081921,0.0,0.0,0.0,0.9673173173173173,0.0,torch,10.0,0.0,1.0,0.0,0.0,0.0,-0.6308546167405029,0.0,0.015030753142760048,0.0,0.024506141373784835,0.0,17550.0,0.0,0.018448787645810105,0.0,0.03764533491656735,0.0,0.00921648869768733,0.0,0.023273000008882033,0.0,0.0002494244483775387,0.0,10.0,0.0,0.0,0.0
grayhole,74.04186696158969,4.202634061334479,5.559405272042592,0.5770653161927024,327772.5,14826.5,793.5,6.5,0.9726413602262276,0.00022487093384238044,792.0,7.0,2787.5,1.5,0.6746263807667316,0.016731643924626394,23.5,1.5,2.0,1.0,0.04,0.02,0.9323821339950372,0.029156327543424343,48.0,1.0,26.5,1.5,0.53,0.030000000000000027,0.006492099993920419,4.850000186706893e-05,40.0,0.0,x25519,778.0,2.0,0.05275505000099656,0.0008845499687595293,0.003627949994552182,1.1150001228088513e-05,0.0001623024998480105,1.2125000466767152e-06,6.78060728932689e-05,9.626450166747987e-07,200.0,0.0,0.0,0.0,linear,1877.490576171873,179.59614257811813,0.0,0.0,138.5,14.5,200.5,1.5,15.5,8.5,0.5,0.0,50.0,0.0,65.18549162163208,1.8018978525069045,100.0,0.0,200.0,0.0,100.0,0.0,27.5,2.5,1.0,0.0,284720.0,5452.0,354.5,7.5,439.0,14.0,793.5,6.5,0.5531377064803049,0.013112293519695062,0.5643173407348665,0.019445545863071678,C:AR-EAURP,200.0,0.0,0.0,0.0,0.0,0.0,461.5,37.5,15.5,8.5,20261409.0,500.0,20000.0,0.0,13.1109,0.5930600000000004,3481.450837836792,180.18978525068997,2,C: AR-EAURP (advancement) | grayhole @ 50%,C: AR-EAURP (advancement),attack,grayhole,50.0,,,,,,,,,,,,,,,,,,,,,,,,0.24796608276831672,0.001147960184588806,0.2393911472401213,0.0007591503142855283,0.23481429050952324,0.0006368003918046372,0.27782847948203876,0.001025610262107901,40.0,3.0,27.5,2.5,6.0,0.0,1.0,0.0,1.0,0.0,1.0,0.0,dqn,46442.0,400.0,45171.5,399.5,15.120036796536777,0.1693744588744588,15.120036796536777,0.1693744588744588,0.0,0.0,0.0,0.0,0.05,0.0,26.613611221313477,2.462400436401367,11594.0,100.0,torch,60.0,0.0,,1.3909976482391357,0.0,0.666419506072998,0.0,0.7169022921081921,0.0,0.0,0.0,0.9673173173173173,0.0,torch,10.0,0.0,1.0,0.0,0.0,0.0,-0.6308546167405029,0.0,0.015030753142760048,0.0,0.024506141373784835,0.0,17550.0,0.0,0.018448787645810105,0.0,0.03764533491656735,0.0,0.00921648869768733,0.0,0.023273000008882033,0.0,0.0002494244483775387,0.0,10.0,0.0,0.0,0.0
trust_poisoning,76.23358209587698,3.6924129684602676,5.920294806716127,0.5805512169725371,469951.5,16224.5,799.5,0.5,0.9733554577175062,7.613948321216757e-05,791.5,5.5,2697.0,3.0,0.0,0.0,0.0,0.0,3.0,1.0,0.03,0.01,0.0,0.0,97.0,1.0,0.0,0.0,0.0,0.0,0.008089850005490007,0.0011452499966253527,40.0,0.0,x25519,773.5,2.5,0.05963579999115609,0.0029480000030162046,0.004597199991621892,0.0007347999980993336,0.00020224625013725016,2.863124991563382e-05,7.708712960332627e-05,3.562097193287507e-06,200.0,0.0,0.0,0.0,linear,2266.665966796885,212.3231933593745,0.0,0.0,166.0,14.0,0.0,0.0,26.0,2.0,0.0,0.0,0.0,0.0,61.29113120187079,2.122677482859501,100.0,0.0,200.0,0.0,100.0,0.0,3.0,1.0,0.0,0.0,148889.0,13198.0,192.0,16.0,607.5,16.5,799.5,0.5,0.759837296620776,0.020162703379224045,0.7853303381603756,0.018793373179830708,C:AR-EAURP,200.0,0.0,0.0,0.0,0.0,0.0,421.0,31.0,26.0,2.0,20261409.0,500.0,20000.0,0.0,18.79806,0.6489799999999999,3870.8868798129206,212.26774828595126,2,C: AR-EAURP (advancement) | trust_poisoning @ 0%,C: AR-EAURP (advancement),attack,trust_poisoning,0.0,,,,,,,,,,,,,,,,,,,,,,,,0.2472919571926478,0.0016322887299818623,0.23295164648054328,0.0018251214294502105,0.24962542069926535,0.005612910466482657,0.27013097562754357,0.002155500307050584,9.5,1.5,3.0,1.0,6.5,0.5,1.0,0.0,1.0,0.0,1.0,0.0,dqn,48041.0,400.0,46761.0,393.0,15.505713203463184,0.05436471861471848,15.505713203463184,0.05436471861471848,0.0,0.0,0.0,0.0,0.05,0.0,33.350141525268555,12.512674331665039,11994.0,100.0,torch,60.0,0.0,,1.3909976482391357,0.0,0.666419506072998,0.0,0.7169022921081921,0.0,0.0,0.0,0.9673173173173173,0.0,torch,10.0,0.0,1.0,0.0,0.0,0.0,-0.6308546167405029,0.0,0.015030753142760048,0.0,0.024506141373784835,0.0,17550.0,0.0,0.018448787645810105,0.0,0.03764533491656735,0.0,0.00921648869768733,0.0,0.023273000008882033,0.0,0.0002494244483775387,0.0,10.0,0.0,0.0,0.0
trust_poisoning,76.01893366314212,3.0696997092102265,5.843959071231798,0.5084218811491539,433075.5,33693.5,795.0,4.0,0.9739269698367123,0.00010912778276367385,789.0,0.0,2793.5,93.5,0.47333333333333333,0.006666666666666654,3.5,0.5,11.0,2.0,0.12222222222222222,0.022222222222222213,0.375,0.025000000000000022,79.0,2.0,6.5,0.5,0.6499999999999999,0.04999999999999999,0.006947950003450387,0.0008253500072896713,40.0,0.0,x25519,776.5,1.5,0.05426045003878244,0.005113449982673046,0.004247849999956088,0.0002904499961005058,0.00017369875008625967,2.0633750182241783e-05,6.989121756379231e-05,6.7202663348599315e-06,200.0,0.0,0.0,0.0,linear,2187.2826171874995,157.24912109374088,0.0,0.0,142.5,15.5,69.0,26.0,18.5,5.5,0.1,0.0,10.0,0.0,62.08583590770468,1.583065359436553,100.0,0.0,200.0,0.0,100.0,0.0,17.0,2.0,1.0,1.0,183260.5,28870.5,230.0,36.0,565.0,40.0,795.0,4.0,0.7104566548894082,0.04673984073011617,0.7277261796168837,0.05291898167343895,C:AR-EAURP,200.0,0.0,0.0,0.0,0.0,0.0,409.0,44.0,18.5,5.5,20261409.0,500.0,20000.0,0.0,17.32302,1.3477400000000008,3791.4164092295323,158.30653594365572,2,C: AR-EAURP (advancement) | trust_poisoning @ 10%,C: AR-EAURP (advancement),attack,trust_poisoning,10.0,,,,,,,,,,,,,,,,,,,,,,,,0.24234067074546378,0.0018297874930802566,0.2258076787971568,0.0016866338450271384,0.26968584726088607,0.005223708814347278,0.2621658031964933,0.0017072874762398549,26.0,3.0,17.0,2.0,7.0,0.0,1.0,0.0,1.0,0.0,1.0,0.0,dqn,49631.5,399.5,48337.5,394.5,15.865064935064911,0.06839610389610407,15.865064935064911,0.06839610389610407,0.0,0.0,0.0,0.0,0.05,0.0,35.37914848327637,21.086862564086914,12392.0,100.0,torch,60.0,0.0,,1.3909976482391357,0.0,0.666419506072998,0.0,0.7169022921081921,0.0,0.0,0.0,0.9673173173173173,0.0,torch,10.0,0.0,1.0,0.0,0.0,0.0,-0.6308546167405029,0.0,0.015030753142760048,0.0,0.024506141373784835,0.0,17550.0,0.0,0.018448787645810105,0.0,0.03764533491656735,0.0,0.00921648869768733,0.0,0.023273000008882033,0.0,0.0002494244483775387,0.0,10.0,0.0,0.0,0.0
trust_poisoning,77.67538708609897,3.169888201912734,6.025825969401213,0.4853847929306254,374910.0,38397.0,752.0,1.0,0.974470832023,9.014595313272533e-05,746.0,3.0,2957.5,81.5,0.4695121951219512,0.030487804878048808,10.0,1.0,12.5,0.5,0.15625,0.0062500000000000056,0.44345238095238093,0.014880952380952384,67.5,0.5,10.0,1.0,0.5,0.05000000000000002,0.006757499984814785,0.00011770000128308311,40.0,0.0,x25519,721.5,8.5,0.050959850017534336,0.00018504997933632694,0.004116049993172055,0.0003669499965326395,0.00016893749962036962,2.9425000320770778e-06,7.064324907774479e-05,1.0887284774735415e-06,200.0,0.0,0.0,0.0,linear,2012.0932617187584,111.89199218750014,0.0,0.0,138.0,27.0,88.5,13.5,30.5,7.5,0.2,0.0,20.0,0.0,63.839205673152875,1.1408505490710326,100.0,0.0,200.0,0.0,100.0,0.0,20.5,2.5,3.0,1.0,204728.0,35363.0,257.0,48.0,495.0,49.0,752.0,1.0,0.6581591963261026,0.06428436277084298,0.685365713078061,0.05983976637399374,C:AR-EAURP,200.0,0.0,0.0,0.0,0.0,0.0,437.5,23.5,30.5,7.5,20261409.0,500.0,20000.0,0.0,14.996400000000001,1.5358799999999997,3616.0794326847113,114.08505490710331,2,C: AR-EAURP (advancement) | trust_poisoning @ 20%,C: AR-EAURP (advancement),attack,trust_poisoning,20.0,,,,,,,,,,,,,,,,,,,,,,,,0.23874115613602043,0.0016983696802136822,0.21982781496865111,0.0014907624800511582,0.2850092967450221,0.0035906838506895022,0.2564217321503063,0.0004015516904246619,39.5,1.5,20.5,2.5,7.0,0.0,1.0,0.0,1.0,0.0,1.0,0.0,dqn,51158.5,376.5,49852.5,371.5,16.304170995670994,0.08148917748918372,16.304170995670994,0.08148917748918372,0.0,0.0,0.0,0.0,0.05,0.0,17.860450267791748,1.9961113929748535,12773.5,94.5,torch,60.0,0.0,,1.3909976482391357,0.0,0.666419506072998,0.0,0.7169022921081921,0.0,0.0,0.0,0.9673173173173173,0.0,torch,10.0,0.0,1.0,0.0,0.0,0.0,-0.6308546167405029,0.0,0.015030753142760048,0.0,0.024506141373784835,0.0,17550.0,0.0,0.018448787645810105,0.0,0.03764533491656735,0.0,0.00921648869768733,0.0,0.023273000008882033,0.0,0.0002494244483775387,0.0,10.0,0.0,0.0,0.0
trust_poisoning,75.8513467277584,1.302278508134762,5.783704936776971,0.1716522060801724,366948.5,36540.5,783.5,1.5,0.9750790822495746,0.00017608704725036173,782.0,2.0,3231.5,6.5,0.4462550028587765,0.06889651229273877,16.5,3.5,16.0,3.0,0.22857142857142856,0.042857142857142844,0.4535024154589372,0.018719806763285024,54.0,3.0,13.5,3.5,0.44999999999999996,0.11666666666666667,0.006560749998243409,0.00010624999595165718,40.0,0.0,x25519,733.0,32.0,0.048766300022180076,3.569996442820411e-05,0.004171599992332631,6.170000597194303e-05,0.00016401874995608523,2.656249898791435e-06,6.66589098955175e-05,2.9587791010706195e-06,200.0,0.0,0.0,0.0,linear,1939.4631347656318,22.866552734365996,0.0,0.0,126.0,7.0,117.5,2.5,50.5,30.5,0.3,0.0,30.0,0.0,64.57824733708519,0.209885824801745,100.0,0.0,200.0,0.0,100.0,0.0,25.0,6.0,6.0,0.0,237023.5,31237.5,294.0,40.0,489.5,41.5,783.5,1.5,0.6246615732972779,0.05177154772183035,0.6666023328018796,0.027515314256943868,C:AR-EAURP,200.0,0.0,0.0,0.0,0.0,0.0,467.5,64.5,50.5,30.5,20261409.0,500.0,20000.0,0.0,14.67794,1.46162,3542.1752662914814,20.988582480173818,2,C: AR-EAURP (advancement) | trust_poisoning @ 30%,C: AR-EAURP (advancement),attack,trust_poisoning,30.0,,,,,,,,,,,,,,,,,,,,,,,,0.2344367675885385,0.00011414320527611266,0.2157692575755148,0.001502374972223025,0.2950743521450405,0.0032571607923253254,0.2547196226909062,0.0016406426148261877,40.0,5.0,25.0,6.0,7.0,0.0,1.0,0.0,1.0,0.0,1.0,0.0,dqn,52709.5,392.5,51396.0,392.0,16.82704112554113,0.11692424242424337,16.82704112554113,0.11692424242424337,0.0,0.0,0.0,0.0,0.05,0.0,179.35004425048828,155.09371185302734,13161.0,98.0,torch,60.0,0.0,,1.3909976482391357,0.0,0.666419506072998,0.0,0.7169022921081921,0.0,0.0,0.0,0.9673173173173173,0.0,torch,10.0,0.0,1.0,0.0,0.0,0.0,-0.6308546167405029,0.0,0.015030753142760048,0.0,0.024506141373784835,0.0,17550.0,0.0,0.018448787645810105,0.0,0.03764533491656735,0.0,0.00921648869768733,0.0,0.023273000008882033,0.0,0.0002494244483775387,0.0,10.0,0.0,0.0,0.0
trust_poisoning,76.37842662691006,3.4193493891459568,5.89321712550059,0.42865019636673196,291350.5,7305.5,712.5,31.5,0.9756668160693381,8.831441647627614e-05,708.5,34.5,3681.0,234.0,0.4132379248658319,0.028622540250447276,23.0,2.0,25.0,2.0,0.4166666666666667,0.033333333333333326,0.40389016018306634,0.009153318077803202,35.0,2.0,17.0,2.0,0.425,0.04999999999999999,0.005899950008824817,0.0009143500010395655,40.0,0.0,x25519,685.5,42.5,0.040874100021028426,4.44000143033918e-05,0.0036645500131271547,0.00044055000580556225,0.0001474987502206204,2.285875002598914e-05,5.986080564366653e-05,3.7760528871761033e-06,200.0,0.0,0.0,0.0,linear,1746.577587890621,207.25024414060988,0.0,0.0,119.0,7.0,172.5,22.5,27.0,11.0,0.4,0.0,40.0,0.0,66.49778072122476,2.087434318978559,100.0,0.0,200.0,0.0,100.0,0.0,32.0,1.0,12.0,3.0,259873.5,16887.5,318.5,18.5,394.0,13.0,712.5,31.5,0.5532571881957273,0.006214177443039204,0.5758004631449422,0.016734529079008076,C:AR-EAURP,200.0,0.0,0.0,0.0,0.0,0.0,460.5,3.5,27.0,11.0,20261409.0,500.0,20000.0,0.0,11.65402,0.2922199999999995,3350.221927877524,208.74343189785532,2,C: AR-EAURP (advancement) | trust_poisoning @ 40%,C: AR-EAURP (advancement),attack,trust_poisoning,40.0,,,,,,,,,,,,,,,,,,,,,,,,0.24026985626750852,0.00034488505330503016,0.21081276693788623,0.0006049799699620884,0.29783515109459713,0.0010443031207457432,0.25108222570000815,0.0007842082040886988,64.5,6.5,32.0,1.0,6.5,0.5,1.0,0.0,1.0,0.0,1.0,0.0,dqn,54186.5,340.5,52868.0,337.0,17.46461147186147,0.15716558441558348,17.46461147186147,0.15716558441558348,0.0,0.0,0.0,0.0,0.05,0.0,188.90377807617188,12.828506469726562,13530.5,85.5,torch,60.0,0.0,,1.3909976482391357,0.0,0.666419506072998,0.0,0.7169022921081921,0.0,0.0,0.0,0.9673173173173173,0.0,torch,10.0,0.0,1.0,0.0,0.0,0.0,-0.6308546167405029,0.0,0.015030753142760048,0.0,0.024506141373784835,0.0,17550.0,0.0,0.018448787645810105,0.0,0.03764533491656735,0.0,0.00921648869768733,0.0,0.023273000008882033,0.0,0.0002494244483775387,0.0,10.0,0.0,0.0,0.0
trust_poisoning,73.10313938450511,1.4084530257961418,5.486036979629425,0.2195333121477625,286297.0,11346.0,753.5,1.5,0.9762018564893781,0.00015178594200282447,752.0,1.0,3699.0,312.0,0.5625129587393738,0.07899647522289027,22.0,6.0,20.5,1.5,0.41000000000000003,0.03,0.5718641114982579,0.03527874564459926,29.5,1.5,28.0,6.0,0.56,0.12000000000000002,0.006186449998494936,2.2649990569334477e-05,40.0,0.0,x25519,704.0,17.0,0.043672200039509335,0.0003600000036385609,0.0038581000007980037,0.00011240001185797155,0.0001546612499623734,5.662497642333646e-07,6.205821372094134e-05,9.872011784338726e-07,200.0,0.0,0.0,0.0,linear,1658.3885253906271,8.863134765628274,0.0,0.0,115.5,11.5,195.5,12.5,49.5,18.5,0.5,0.0,50.0,0.0,67.37828218316338,0.08373862513497699,100.0,0.0,200.0,0.0,100.0,0.0,40.0,5.0,12.0,4.0,294046.0,11651.0,360.5,17.5,393.0,16.0,753.5,1.5,0.5216103635338876,0.02227261518951673,0.5580152101541003,0.009252473618437895,C:AR-EAURP,200.0,0.0,0.0,0.0,0.0,0.0,477.5,11.5,49.5,18.5,20261409.0,500.0,20000.0,0.0,11.45188,0.45384000000000047,3262.1717816836635,8.373862513498807,2,C: AR-EAURP (advancement) | trust_poisoning @ 50%,C: AR-EAURP (advancement),attack,trust_poisoning,50.0,,,,,,,,,,,,,,,,,,,,,,,,0.24008954334638782,0.0010739456735463226,0.20769677537553088,3.424507633763285e-05,0.3016164384950933,0.0016815591491941007,0.250597242782988,0.000641858551985397,61.0,6.0,40.0,5.0,6.5,0.5,1.0,0.0,1.0,0.0,1.0,0.0,dqn,55658.0,376.0,54333.5,375.5,18.196316017316015,0.17905844155844264,18.196316017316015,0.17905844155844264,0.0,0.0,0.0,0.0,0.05,0.0,37.52106475830078,1.0263900756835938,13898.0,94.0,torch,60.0,0.0,,1.3909976482391357,0.0,0.666419506072998,0.0,0.7169022921081921,0.0,0.0,0.0,0.9673173173173173,0.0,torch,10.0,0.0,1.0,0.0,0.0,0.0,-0.6308546167405029,0.0,0.015030753142760048,0.0,0.024506141373784835,0.0,17550.0,0.0,0.018448787645810105,0.0,0.03764533491656735,0.0,0.00921648869768733,0.0,0.023273000008882033,0.0,0.0002494244483775387,0.0,10.0,0.0,0.0,0.0
